2026-04-17 17:11:05,485 - INFO - Starting dynamic data cleaning process
2026-04-17 17:11:05,632 - INFO - Dynamic data cleaning process completed successfully
2026-04-17 17:11:05,656 - INFO - Generating validation report...
2026-04-17 17:11:05,703 - DEBUG - {'shape': (299, 9), 'columns': ['car_name', 'year', 'selling_price', 'present_price', 'kms_driven', 'fuel_type', 'seller_type', 'transmission', 'owner'], 'null_counts': {'car_name': 0, 'year': 0, 'selling_price': 0, 'present_price': 0, 'kms_driven': 0, 'fuel_type': 0, 'seller_type': 0, 'transmission': 0, 'owner': 0}, 'duplicate_rows': 0, 'dtypes': {'car_name': 'object', 'year': 'float64', 'selling_price': 'float64', 'present_price': 'float64', 'kms_driven': 'float64', 'fuel_type': 'object', 'seller_type': 'object', 'transmission': 'object', 'owner': 'float64'}, 'numeric_summary': {'year': {'count': 299.0, 'mean': 2013.6555183946489, 'std': 2.773023447871607, 'min': 2006.0, '25%': 2012.0, '50%': 2014.0, '75%': 2016.0, 'max': 2018.0}, 'selling_price': {'count': 299.0, 'mean': 4.233377926421405, 'std': 3.7271056335543, 'min': 0.1, '25%': 0.8500000000000001, '50%': 3.51, '75%': 6.0, 'max': 13.725000000000001}, 'present_price': {'count': 299.0, 'mean': 7.004448160535117, 'std': 6.092973897250185, 'min': 0.32, '25%': 1.2, '50%': 6.1, '75%': 9.84, 'max': 22.8}, 'kms_driven': {'count': 299.0, 'mean': 34387.09698996656, 'std': 23819.913772791995, 'min': 500.0, '25%': 15000.0, '50%': 32000.0, '75%': 48883.5, 'max': 99708.75}, 'owner': {'count': 299.0, 'mean': 0.0, 'std': 0.0, 'min': 0.0, '25%': 0.0, '50%': 0.0, '75%': 0.0, 'max': 0.0}}, 'categorical_summary': {'car_name': {'count': 299, 'unique': 98, 'top': 'city', 'freq': 26}, 'fuel_type': {'count': 299, 'unique': 3, 'top': 'Petrol', 'freq': 239}, 'seller_type': {'count': 299, 'unique': 2, 'top': 'Dealer', 'freq': 193}, 'transmission': {'count': 299, 'unique': 2, 'top': 'Manual', 'freq': 260}}, 'datetime_summary': {}}
2026-04-17 17:11:20,522 - INFO - [Routing Decision] Cleaned status = yes
2026-04-17 17:11:20,532 - INFO - Starting query analysis
2026-04-17 17:11:22,304 - INFO - Identified ML problem type: regression
2026-04-17 17:11:22,319 - INFO - Routing decision: regression
2026-04-17 17:11:22,334 - INFO - Determining target column
2026-04-17 17:11:28,358 - WARNING - Suggested column 'To predict the **selling_price**, we would typically use a regression model (like Linear Regression, Random Forest, or XGBoost).

### 1. Predicted Accuracy
Based on this specific dataset (commonly known as the CarDekho dataset), a well-tuned model (such as a Random Forest Regressor) typically achieves an **$R^2$ score of approximately 0.85 to 0.91 (85-91%)**. 

While "accuracy" is a classification term, in regression, this means the model can explain about 85-91% of the variance in car prices. The error (Mean Absolute Error) is usually low, provided the `present_price` is included, though your specific request focuses on age, mileage, and fuel.

### 2. Why Mileage (kms_driven) is Important
Mileage is a critical feature for several reasons:
*   **Mechanical Wear and Tear:** High mileage indicates that the engine, transmission, and suspension have undergone significant stress, reducing the car's remaining lifespan.
*   **Maintenance Correlation:** Cars with higher mileage are closer to major service intervals (like timing belt replacements or clutch overhauls), which decreases their immediate market value.
*   **Depreciation Proxy:** In the used car market, mileage is often used as a more granular measure of "age" than the manufacturing year alone. A 2-year-old car with 100,000 km is often worth less than a 5-year-old car with 20,000 km.

### 3. Suggested Target Column
The most likely target column for this machine learning problem is:
"selling_price"' not found in dataset. Defaulting to first column.
2026-04-17 17:11:28,358 - INFO - Chosen target column: car_name
2026-04-17 17:11:28,369 - INFO - Applied LabelEncoder to target column. Classes: ['800' 'Activa 3g' 'Activa 4g' 'Bajaj  ct 100' 'Bajaj Avenger 150'
 'Bajaj Avenger 150 street' 'Bajaj Avenger 220' 'Bajaj Avenger 220 dtsi'
 'Bajaj Avenger Street 220' 'Bajaj Discover 100' 'Bajaj Discover 125'
 'Bajaj Dominar 400' 'Bajaj Pulsar  NS 200' 'Bajaj Pulsar 135 LS'
 'Bajaj Pulsar 150' 'Bajaj Pulsar 220 F' 'Bajaj Pulsar NS 200'
 'Bajaj Pulsar RS200' 'Hero  CBZ Xtreme' 'Hero  Ignitor Disc'
 'Hero Extreme' 'Hero Glamour' 'Hero Honda CBZ extreme'
 'Hero Honda Passion Pro' 'Hero Hunk' 'Hero Passion Pro'
 'Hero Passion X pro' 'Hero Splender Plus' 'Hero Splender iSmart'
 'Hero Super Splendor' 'Honda Activa 125' 'Honda Activa 4G'
 'Honda CB Hornet 160R' 'Honda CB Shine' 'Honda CB Trigger'
 'Honda CB Unicorn' 'Honda CB twister' 'Honda CBR 150' 'Honda Dream Yuga '
 'Honda Karizma' 'Hyosung GT250R' 'KTM 390 Duke ' 'KTM RC200' 'KTM RC390'
 'Mahindra Mojo XT300' 'Royal Enfield Bullet 350'
 'Royal Enfield Classic 350' 'Royal Enfield Classic 500'
 'Royal Enfield Thunder 350' 'Royal Enfield Thunder 500'
 'Suzuki Access 125' 'TVS Apache RTR 160' 'TVS Apache RTR 180'
 'TVS Jupyter' 'TVS Sport ' 'TVS Wego' 'UM Renegade Mojave'
 'Yamaha FZ  v 2.0' 'Yamaha FZ 16' 'Yamaha FZ S ' 'Yamaha FZ S V 2.0'
 'Yamaha Fazer ' 'alto 800' 'alto k10' 'amaze' 'baleno' 'brio' 'camry'
 'ciaz' 'city' 'corolla' 'corolla altis' 'creta' 'dzire' 'elantra' 'eon'
 'ertiga' 'etios cross' 'etios g' 'etios gd' 'etios liva' 'fortuner'
 'grand i10' 'i10' 'i20' 'ignis' 'innova' 'jazz' 'land cruiser' 'omni'
 'ritz' 's cross' 'swift' 'sx4' 'verna' 'vitara brezza' 'wagon r' 'xcent']
2026-04-17 17:11:28,370 - INFO - Label mapping: {0: '800', 1: 'Activa 3g', 2: 'Activa 4g', 3: 'Bajaj  ct 100', 4: 'Bajaj Avenger 150', 5: 'Bajaj Avenger 150 street', 6: 'Bajaj Avenger 220', 7: 'Bajaj Avenger 220 dtsi', 8: 'Bajaj Avenger Street 220', 9: 'Bajaj Discover 100', 10: 'Bajaj Discover 125', 11: 'Bajaj Dominar 400', 12: 'Bajaj Pulsar  NS 200', 13: 'Bajaj Pulsar 135 LS', 14: 'Bajaj Pulsar 150', 15: 'Bajaj Pulsar 220 F', 16: 'Bajaj Pulsar NS 200', 17: 'Bajaj Pulsar RS200', 18: 'Hero  CBZ Xtreme', 19: 'Hero  Ignitor Disc', 20: 'Hero Extreme', 21: 'Hero Glamour', 22: 'Hero Honda CBZ extreme', 23: 'Hero Honda Passion Pro', 24: 'Hero Hunk', 25: 'Hero Passion Pro', 26: 'Hero Passion X pro', 27: 'Hero Splender Plus', 28: 'Hero Splender iSmart', 29: 'Hero Super Splendor', 30: 'Honda Activa 125', 31: 'Honda Activa 4G', 32: 'Honda CB Hornet 160R', 33: 'Honda CB Shine', 34: 'Honda CB Trigger', 35: 'Honda CB Unicorn', 36: 'Honda CB twister', 37: 'Honda CBR 150', 38: 'Honda Dream Yuga ', 39: 'Honda Karizma', 40: 'Hyosung GT250R', 41: 'KTM 390 Duke ', 42: 'KTM RC200', 43: 'KTM RC390', 44: 'Mahindra Mojo XT300', 45: 'Royal Enfield Bullet 350', 46: 'Royal Enfield Classic 350', 47: 'Royal Enfield Classic 500', 48: 'Royal Enfield Thunder 350', 49: 'Royal Enfield Thunder 500', 50: 'Suzuki Access 125', 51: 'TVS Apache RTR 160', 52: 'TVS Apache RTR 180', 53: 'TVS Jupyter', 54: 'TVS Sport ', 55: 'TVS Wego', 56: 'UM Renegade Mojave', 57: 'Yamaha FZ  v 2.0', 58: 'Yamaha FZ 16', 59: 'Yamaha FZ S ', 60: 'Yamaha FZ S V 2.0', 61: 'Yamaha Fazer ', 62: 'alto 800', 63: 'alto k10', 64: 'amaze', 65: 'baleno', 66: 'brio', 67: 'camry', 68: 'ciaz', 69: 'city', 70: 'corolla', 71: 'corolla altis', 72: 'creta', 73: 'dzire', 74: 'elantra', 75: 'eon', 76: 'ertiga', 77: 'etios cross', 78: 'etios g', 79: 'etios gd', 80: 'etios liva', 81: 'fortuner', 82: 'grand i10', 83: 'i10', 84: 'i20', 85: 'ignis', 86: 'innova', 87: 'jazz', 88: 'land cruiser', 89: 'omni', 90: 'ritz', 91: 's cross', 92: 'swift', 93: 'sx4', 94: 'verna', 95: 'vitara brezza', 96: 'wagon r', 97: 'xcent'}
2026-04-17 17:11:28,436 - INFO - Detected column types: {'numeric': ['year', 'selling_price', 'present_price', 'kms_driven', 'owner'], 'categorical': ['fuel_type', 'seller_type', 'transmission'], 'text': [], 'datetime': [], 'boolean': []}
2026-04-17 17:11:28,447 - INFO - Extracted features columns: ['year', 'selling_price', 'present_price', 'kms_driven', 'fuel_type_CNG', 'fuel_type_Diesel', 'fuel_type_Petrol', 'seller_type_Dealer', 'seller_type_Individual', 'transmission_Automatic', 'transmission_Manual', 'owner']
2026-04-17 17:20:11,496 - INFO - Starting dynamic data cleaning process
2026-04-17 17:20:11,647 - INFO - Dynamic data cleaning process completed successfully
2026-04-17 17:20:11,669 - INFO - Generating validation report...
2026-04-17 17:20:11,723 - DEBUG - {'shape': (299, 9), 'columns': ['car_name', 'year', 'selling_price', 'present_price', 'kms_driven', 'fuel_type', 'seller_type', 'transmission', 'owner'], 'null_counts': {'car_name': 0, 'year': 0, 'selling_price': 0, 'present_price': 0, 'kms_driven': 0, 'fuel_type': 0, 'seller_type': 0, 'transmission': 0, 'owner': 0}, 'duplicate_rows': 0, 'dtypes': {'car_name': 'object', 'year': 'float64', 'selling_price': 'float64', 'present_price': 'float64', 'kms_driven': 'float64', 'fuel_type': 'object', 'seller_type': 'object', 'transmission': 'object', 'owner': 'float64'}, 'numeric_summary': {'year': {'count': 299.0, 'mean': 2013.6555183946489, 'std': 2.773023447871607, 'min': 2006.0, '25%': 2012.0, '50%': 2014.0, '75%': 2016.0, 'max': 2018.0}, 'selling_price': {'count': 299.0, 'mean': 4.233377926421405, 'std': 3.7271056335543, 'min': 0.1, '25%': 0.8500000000000001, '50%': 3.51, '75%': 6.0, 'max': 13.725000000000001}, 'present_price': {'count': 299.0, 'mean': 7.004448160535117, 'std': 6.092973897250185, 'min': 0.32, '25%': 1.2, '50%': 6.1, '75%': 9.84, 'max': 22.8}, 'kms_driven': {'count': 299.0, 'mean': 34387.09698996656, 'std': 23819.913772791995, 'min': 500.0, '25%': 15000.0, '50%': 32000.0, '75%': 48883.5, 'max': 99708.75}, 'owner': {'count': 299.0, 'mean': 0.0, 'std': 0.0, 'min': 0.0, '25%': 0.0, '50%': 0.0, '75%': 0.0, 'max': 0.0}}, 'categorical_summary': {'car_name': {'count': 299, 'unique': 98, 'top': 'city', 'freq': 26}, 'fuel_type': {'count': 299, 'unique': 3, 'top': 'Petrol', 'freq': 239}, 'seller_type': {'count': 299, 'unique': 2, 'top': 'Dealer', 'freq': 193}, 'transmission': {'count': 299, 'unique': 2, 'top': 'Manual', 'freq': 260}}, 'datetime_summary': {}}
2026-04-17 17:20:36,932 - INFO - [Routing Decision] Cleaned status = yes
2026-04-17 17:20:36,951 - INFO - Starting query analysis
2026-04-17 17:20:38,751 - INFO - Identified ML problem type: regression
2026-04-17 17:20:38,758 - INFO - Routing decision: regression
2026-04-17 17:20:38,785 - INFO - Determining target column
2026-04-17 17:20:44,486 - WARNING - Suggested column 'To predict the car's selling price based on the provided dataset, the most likely target column is:

**`'selling_price'`**

### Why Mileage (`kms_driven`) is Important
In machine learning models for vehicle valuation, `kms_driven` is one of the most critical features for several reasons:
1.  **Wear and Tear Proxy:** It serves as a direct indicator of the mechanical health of the engine, transmission, and suspension. Higher mileage generally correlates with higher physical degradation.
2.  **Maintenance Costs:** As mileage increases, the likelihood of expensive "major services" (like timing belt replacements or clutch overhauls) increases, which lowers the current value.
3.  **Depreciation Curve:** Vehicles are depreciating assets. Mileage is a primary factor used by the market to calculate how much of the car's "useful life" has already been consumed.

### Model Performance (Accuracy)
If we were to train a model (such as a **Random Forest Regressor** or **XGBoost**) on this specific dataset (commonly known as the *Car Dekho* dataset):

*   **Expected Accuracy ($R^2$ Score):** You can typically achieve between **0.85 and 0.93**. 
*   **Explanation:** This means the model can explain roughly 85-93% of the variance in car prices. The remaining error usually comes from features not present in the data, such as the car's physical condition, service history, or local market demand.

### Suggested Approach
1.  **Feature Engineering:** Create a new column `Age` by subtracting the `year` from the current year.
2.  **Encoding:** Convert `fuel_type` (Petrol, Diesel, CNG) into numerical values using One-Hot Encoding.
3.  **Scaling:** Use standard scaling on `kms_driven` and `present_price` since they have large numerical ranges compared to other features.' not found in dataset. Defaulting to first column.
2026-04-17 17:20:44,487 - INFO - Chosen target column: car_name
2026-04-17 17:20:44,489 - INFO - Applied LabelEncoder to target column. Classes: ['800' 'Activa 3g' 'Activa 4g' 'Bajaj  ct 100' 'Bajaj Avenger 150'
 'Bajaj Avenger 150 street' 'Bajaj Avenger 220' 'Bajaj Avenger 220 dtsi'
 'Bajaj Avenger Street 220' 'Bajaj Discover 100' 'Bajaj Discover 125'
 'Bajaj Dominar 400' 'Bajaj Pulsar  NS 200' 'Bajaj Pulsar 135 LS'
 'Bajaj Pulsar 150' 'Bajaj Pulsar 220 F' 'Bajaj Pulsar NS 200'
 'Bajaj Pulsar RS200' 'Hero  CBZ Xtreme' 'Hero  Ignitor Disc'
 'Hero Extreme' 'Hero Glamour' 'Hero Honda CBZ extreme'
 'Hero Honda Passion Pro' 'Hero Hunk' 'Hero Passion Pro'
 'Hero Passion X pro' 'Hero Splender Plus' 'Hero Splender iSmart'
 'Hero Super Splendor' 'Honda Activa 125' 'Honda Activa 4G'
 'Honda CB Hornet 160R' 'Honda CB Shine' 'Honda CB Trigger'
 'Honda CB Unicorn' 'Honda CB twister' 'Honda CBR 150' 'Honda Dream Yuga '
 'Honda Karizma' 'Hyosung GT250R' 'KTM 390 Duke ' 'KTM RC200' 'KTM RC390'
 'Mahindra Mojo XT300' 'Royal Enfield Bullet 350'
 'Royal Enfield Classic 350' 'Royal Enfield Classic 500'
 'Royal Enfield Thunder 350' 'Royal Enfield Thunder 500'
 'Suzuki Access 125' 'TVS Apache RTR 160' 'TVS Apache RTR 180'
 'TVS Jupyter' 'TVS Sport ' 'TVS Wego' 'UM Renegade Mojave'
 'Yamaha FZ  v 2.0' 'Yamaha FZ 16' 'Yamaha FZ S ' 'Yamaha FZ S V 2.0'
 'Yamaha Fazer ' 'alto 800' 'alto k10' 'amaze' 'baleno' 'brio' 'camry'
 'ciaz' 'city' 'corolla' 'corolla altis' 'creta' 'dzire' 'elantra' 'eon'
 'ertiga' 'etios cross' 'etios g' 'etios gd' 'etios liva' 'fortuner'
 'grand i10' 'i10' 'i20' 'ignis' 'innova' 'jazz' 'land cruiser' 'omni'
 'ritz' 's cross' 'swift' 'sx4' 'verna' 'vitara brezza' 'wagon r' 'xcent']
2026-04-17 17:20:44,489 - INFO - Label mapping: {0: '800', 1: 'Activa 3g', 2: 'Activa 4g', 3: 'Bajaj  ct 100', 4: 'Bajaj Avenger 150', 5: 'Bajaj Avenger 150 street', 6: 'Bajaj Avenger 220', 7: 'Bajaj Avenger 220 dtsi', 8: 'Bajaj Avenger Street 220', 9: 'Bajaj Discover 100', 10: 'Bajaj Discover 125', 11: 'Bajaj Dominar 400', 12: 'Bajaj Pulsar  NS 200', 13: 'Bajaj Pulsar 135 LS', 14: 'Bajaj Pulsar 150', 15: 'Bajaj Pulsar 220 F', 16: 'Bajaj Pulsar NS 200', 17: 'Bajaj Pulsar RS200', 18: 'Hero  CBZ Xtreme', 19: 'Hero  Ignitor Disc', 20: 'Hero Extreme', 21: 'Hero Glamour', 22: 'Hero Honda CBZ extreme', 23: 'Hero Honda Passion Pro', 24: 'Hero Hunk', 25: 'Hero Passion Pro', 26: 'Hero Passion X pro', 27: 'Hero Splender Plus', 28: 'Hero Splender iSmart', 29: 'Hero Super Splendor', 30: 'Honda Activa 125', 31: 'Honda Activa 4G', 32: 'Honda CB Hornet 160R', 33: 'Honda CB Shine', 34: 'Honda CB Trigger', 35: 'Honda CB Unicorn', 36: 'Honda CB twister', 37: 'Honda CBR 150', 38: 'Honda Dream Yuga ', 39: 'Honda Karizma', 40: 'Hyosung GT250R', 41: 'KTM 390 Duke ', 42: 'KTM RC200', 43: 'KTM RC390', 44: 'Mahindra Mojo XT300', 45: 'Royal Enfield Bullet 350', 46: 'Royal Enfield Classic 350', 47: 'Royal Enfield Classic 500', 48: 'Royal Enfield Thunder 350', 49: 'Royal Enfield Thunder 500', 50: 'Suzuki Access 125', 51: 'TVS Apache RTR 160', 52: 'TVS Apache RTR 180', 53: 'TVS Jupyter', 54: 'TVS Sport ', 55: 'TVS Wego', 56: 'UM Renegade Mojave', 57: 'Yamaha FZ  v 2.0', 58: 'Yamaha FZ 16', 59: 'Yamaha FZ S ', 60: 'Yamaha FZ S V 2.0', 61: 'Yamaha Fazer ', 62: 'alto 800', 63: 'alto k10', 64: 'amaze', 65: 'baleno', 66: 'brio', 67: 'camry', 68: 'ciaz', 69: 'city', 70: 'corolla', 71: 'corolla altis', 72: 'creta', 73: 'dzire', 74: 'elantra', 75: 'eon', 76: 'ertiga', 77: 'etios cross', 78: 'etios g', 79: 'etios gd', 80: 'etios liva', 81: 'fortuner', 82: 'grand i10', 83: 'i10', 84: 'i20', 85: 'ignis', 86: 'innova', 87: 'jazz', 88: 'land cruiser', 89: 'omni', 90: 'ritz', 91: 's cross', 92: 'swift', 93: 'sx4', 94: 'verna', 95: 'vitara brezza', 96: 'wagon r', 97: 'xcent'}
2026-04-17 17:20:44,503 - INFO - Detected column types: {'numeric': ['year', 'selling_price', 'present_price', 'kms_driven', 'owner'], 'categorical': ['fuel_type', 'seller_type', 'transmission'], 'text': [], 'datetime': [], 'boolean': []}
2026-04-17 17:20:44,511 - INFO - Extracted features columns: ['year', 'selling_price', 'present_price', 'kms_driven', 'fuel_type_CNG', 'fuel_type_Diesel', 'fuel_type_Petrol', 'seller_type_Dealer', 'seller_type_Individual', 'transmission_Automatic', 'transmission_Manual', 'owner']
2026-04-17 17:31:57,492 - INFO - Starting dynamic data cleaning process
2026-04-17 17:31:57,736 - INFO - Dynamic data cleaning process completed successfully
2026-04-17 17:31:57,742 - INFO - Generating validation report...
2026-04-17 17:31:57,820 - DEBUG - {'shape': (299, 9), 'columns': ['car_name', 'year', 'selling_price', 'present_price', 'kms_driven', 'fuel_type', 'seller_type', 'transmission', 'owner'], 'null_counts': {'car_name': 0, 'year': 0, 'selling_price': 0, 'present_price': 0, 'kms_driven': 0, 'fuel_type': 0, 'seller_type': 0, 'transmission': 0, 'owner': 0}, 'duplicate_rows': 0, 'dtypes': {'car_name': 'object', 'year': 'float64', 'selling_price': 'float64', 'present_price': 'float64', 'kms_driven': 'float64', 'fuel_type': 'object', 'seller_type': 'object', 'transmission': 'object', 'owner': 'float64'}, 'numeric_summary': {'year': {'count': 299.0, 'mean': 2013.6555183946489, 'std': 2.773023447871607, 'min': 2006.0, '25%': 2012.0, '50%': 2014.0, '75%': 2016.0, 'max': 2018.0}, 'selling_price': {'count': 299.0, 'mean': 4.233377926421405, 'std': 3.7271056335543, 'min': 0.1, '25%': 0.8500000000000001, '50%': 3.51, '75%': 6.0, 'max': 13.725000000000001}, 'present_price': {'count': 299.0, 'mean': 7.004448160535117, 'std': 6.092973897250185, 'min': 0.32, '25%': 1.2, '50%': 6.1, '75%': 9.84, 'max': 22.8}, 'kms_driven': {'count': 299.0, 'mean': 34387.09698996656, 'std': 23819.913772791995, 'min': 500.0, '25%': 15000.0, '50%': 32000.0, '75%': 48883.5, 'max': 99708.75}, 'owner': {'count': 299.0, 'mean': 0.0, 'std': 0.0, 'min': 0.0, '25%': 0.0, '50%': 0.0, '75%': 0.0, 'max': 0.0}}, 'categorical_summary': {'car_name': {'count': 299, 'unique': 98, 'top': 'city', 'freq': 26}, 'fuel_type': {'count': 299, 'unique': 3, 'top': 'Petrol', 'freq': 239}, 'seller_type': {'count': 299, 'unique': 2, 'top': 'Dealer', 'freq': 193}, 'transmission': {'count': 299, 'unique': 2, 'top': 'Manual', 'freq': 260}}, 'datetime_summary': {}}
2026-04-17 17:33:19,336 - INFO - [Routing Decision] Cleaned status = no
2026-04-17 17:42:16,352 - INFO - Starting dynamic data cleaning process
2026-04-17 17:42:16,412 - INFO - Dynamic data cleaning process completed successfully
2026-04-17 17:42:16,415 - INFO - Generating validation report...
2026-04-17 17:42:16,465 - DEBUG - {'shape': (299, 9), 'columns': ['car_name', 'year', 'selling_price', 'present_price', 'kms_driven', 'fuel_type', 'seller_type', 'transmission', 'owner'], 'null_counts': {'car_name': 0, 'year': 0, 'selling_price': 0, 'present_price': 0, 'kms_driven': 0, 'fuel_type': 0, 'seller_type': 0, 'transmission': 0, 'owner': 0}, 'duplicate_rows': 0, 'dtypes': {'car_name': 'object', 'year': 'float64', 'selling_price': 'float64', 'present_price': 'float64', 'kms_driven': 'float64', 'fuel_type': 'object', 'seller_type': 'object', 'transmission': 'object', 'owner': 'float64'}, 'numeric_summary': {'year': {'count': 299.0, 'mean': 2013.6555183946489, 'std': 2.773023447871607, 'min': 2006.0, '25%': 2012.0, '50%': 2014.0, '75%': 2016.0, 'max': 2018.0}, 'selling_price': {'count': 299.0, 'mean': 4.233377926421405, 'std': 3.7271056335543, 'min': 0.1, '25%': 0.8500000000000001, '50%': 3.51, '75%': 6.0, 'max': 13.725000000000001}, 'present_price': {'count': 299.0, 'mean': 7.004448160535117, 'std': 6.092973897250185, 'min': 0.32, '25%': 1.2, '50%': 6.1, '75%': 9.84, 'max': 22.8}, 'kms_driven': {'count': 299.0, 'mean': 34387.09698996656, 'std': 23819.913772791995, 'min': 500.0, '25%': 15000.0, '50%': 32000.0, '75%': 48883.5, 'max': 99708.75}, 'owner': {'count': 299.0, 'mean': 0.0, 'std': 0.0, 'min': 0.0, '25%': 0.0, '50%': 0.0, '75%': 0.0, 'max': 0.0}}, 'categorical_summary': {'car_name': {'count': 299, 'unique': 98, 'top': 'city', 'freq': 26}, 'fuel_type': {'count': 299, 'unique': 3, 'top': 'Petrol', 'freq': 239}, 'seller_type': {'count': 299, 'unique': 2, 'top': 'Dealer', 'freq': 193}, 'transmission': {'count': 299, 'unique': 2, 'top': 'Manual', 'freq': 260}}, 'datetime_summary': {}}
2026-04-17 17:42:17,555 - INFO - [Routing Decision] Cleaned status = yes
2026-04-17 17:42:17,556 - INFO - Starting query analysis
2026-04-17 17:42:18,705 - INFO - Identified ML problem type: regression
2026-04-17 17:42:18,707 - INFO - Routing decision: regression
2026-04-17 17:42:18,708 - INFO - Determining target column
2026-04-17 17:42:21,815 - WARNING - Suggested column 'To address your request, here is the breakdown of the ML approach for your car dataset:

### 1. Target Column
The most likely target column for this regression problem is:
**"selling_price"**

---

### 2. Predicted Accuracy
Since I do not have access to your specific processed dataset, I cannot provide an exact accuracy score. However, for a standard dataset containing these features (like the common "CarDekho" dataset), a **Random Forest Regressor** or **XGBoost** model typically yields an **R² score between 0.85 and 0.95**.

*Note: The accuracy will depend heavily on how you handle the "present_price" feature, as it is the strongest predictor of the selling price.*

---

### 3. Why is "kms_driven" (Mileage) important?
"Kms_driven" is a critical feature for predicting car depreciation for the following reasons:

*   **Mechanical Wear and Tear:** Higher mileage is a direct proxy for the physical degradation of engine components, suspension, transmission, and tires. A car with high mileage is statistically closer to requiring major, expensive repairs.
*   **Maintenance Cycles:** Vehicles follow specific service intervals (e.g., timing belt replacement at 100,000 km). Potential buyers discount the price of a car that is approaching or has surpassed these high-cost maintenance milestones.
*   **Market Perception:** There is a psychological threshold in the used car market where high mileage significantly reduces the "resale value" regardless of the car’s current running condition. It serves as a shortcut for buyers to estimate the remaining "useful life" of the vehicle.
*   **Feature Interaction:** Mileage works in tandem with the "year" (age). A "young" car with extremely high mileage is often flagged as a former commercial or fleet vehicle, which usually decreases its value compared to a personal-use vehicle of the same age.

---

### Suggested ML Workflow
To achieve the best results, you should:
1.  **Feature Engineering:** Convert `year` into `car_age` (Current Year - Year).
2.  **Encoding:** Use **One-Hot Encoding** for `fuel_type` (e.g., Petrol, Diesel, CNG).
3.  **Scaling:** While tree-based models don't require scaling, if you use Linear Regression, apply **StandardScaler** to `kms_driven` and `present_price` because they exist on different scales.
4.  **Evaluation:** Use **Mean Absolute Error (MAE)** or **Root Mean Squared Error (RMSE)** to understand the average price deviation in currency units rather than just relying on R².' not found in dataset. Defaulting to first column.
2026-04-17 17:42:21,815 - INFO - Chosen target column: car_name
2026-04-17 17:42:21,818 - INFO - Applied LabelEncoder to target column. Classes: ['800' 'Activa 3g' 'Activa 4g' 'Bajaj  ct 100' 'Bajaj Avenger 150'
 'Bajaj Avenger 150 street' 'Bajaj Avenger 220' 'Bajaj Avenger 220 dtsi'
 'Bajaj Avenger Street 220' 'Bajaj Discover 100' 'Bajaj Discover 125'
 'Bajaj Dominar 400' 'Bajaj Pulsar  NS 200' 'Bajaj Pulsar 135 LS'
 'Bajaj Pulsar 150' 'Bajaj Pulsar 220 F' 'Bajaj Pulsar NS 200'
 'Bajaj Pulsar RS200' 'Hero  CBZ Xtreme' 'Hero  Ignitor Disc'
 'Hero Extreme' 'Hero Glamour' 'Hero Honda CBZ extreme'
 'Hero Honda Passion Pro' 'Hero Hunk' 'Hero Passion Pro'
 'Hero Passion X pro' 'Hero Splender Plus' 'Hero Splender iSmart'
 'Hero Super Splendor' 'Honda Activa 125' 'Honda Activa 4G'
 'Honda CB Hornet 160R' 'Honda CB Shine' 'Honda CB Trigger'
 'Honda CB Unicorn' 'Honda CB twister' 'Honda CBR 150' 'Honda Dream Yuga '
 'Honda Karizma' 'Hyosung GT250R' 'KTM 390 Duke ' 'KTM RC200' 'KTM RC390'
 'Mahindra Mojo XT300' 'Royal Enfield Bullet 350'
 'Royal Enfield Classic 350' 'Royal Enfield Classic 500'
 'Royal Enfield Thunder 350' 'Royal Enfield Thunder 500'
 'Suzuki Access 125' 'TVS Apache RTR 160' 'TVS Apache RTR 180'
 'TVS Jupyter' 'TVS Sport ' 'TVS Wego' 'UM Renegade Mojave'
 'Yamaha FZ  v 2.0' 'Yamaha FZ 16' 'Yamaha FZ S ' 'Yamaha FZ S V 2.0'
 'Yamaha Fazer ' 'alto 800' 'alto k10' 'amaze' 'baleno' 'brio' 'camry'
 'ciaz' 'city' 'corolla' 'corolla altis' 'creta' 'dzire' 'elantra' 'eon'
 'ertiga' 'etios cross' 'etios g' 'etios gd' 'etios liva' 'fortuner'
 'grand i10' 'i10' 'i20' 'ignis' 'innova' 'jazz' 'land cruiser' 'omni'
 'ritz' 's cross' 'swift' 'sx4' 'verna' 'vitara brezza' 'wagon r' 'xcent']
2026-04-17 17:42:21,819 - INFO - Label mapping: {0: '800', 1: 'Activa 3g', 2: 'Activa 4g', 3: 'Bajaj  ct 100', 4: 'Bajaj Avenger 150', 5: 'Bajaj Avenger 150 street', 6: 'Bajaj Avenger 220', 7: 'Bajaj Avenger 220 dtsi', 8: 'Bajaj Avenger Street 220', 9: 'Bajaj Discover 100', 10: 'Bajaj Discover 125', 11: 'Bajaj Dominar 400', 12: 'Bajaj Pulsar  NS 200', 13: 'Bajaj Pulsar 135 LS', 14: 'Bajaj Pulsar 150', 15: 'Bajaj Pulsar 220 F', 16: 'Bajaj Pulsar NS 200', 17: 'Bajaj Pulsar RS200', 18: 'Hero  CBZ Xtreme', 19: 'Hero  Ignitor Disc', 20: 'Hero Extreme', 21: 'Hero Glamour', 22: 'Hero Honda CBZ extreme', 23: 'Hero Honda Passion Pro', 24: 'Hero Hunk', 25: 'Hero Passion Pro', 26: 'Hero Passion X pro', 27: 'Hero Splender Plus', 28: 'Hero Splender iSmart', 29: 'Hero Super Splendor', 30: 'Honda Activa 125', 31: 'Honda Activa 4G', 32: 'Honda CB Hornet 160R', 33: 'Honda CB Shine', 34: 'Honda CB Trigger', 35: 'Honda CB Unicorn', 36: 'Honda CB twister', 37: 'Honda CBR 150', 38: 'Honda Dream Yuga ', 39: 'Honda Karizma', 40: 'Hyosung GT250R', 41: 'KTM 390 Duke ', 42: 'KTM RC200', 43: 'KTM RC390', 44: 'Mahindra Mojo XT300', 45: 'Royal Enfield Bullet 350', 46: 'Royal Enfield Classic 350', 47: 'Royal Enfield Classic 500', 48: 'Royal Enfield Thunder 350', 49: 'Royal Enfield Thunder 500', 50: 'Suzuki Access 125', 51: 'TVS Apache RTR 160', 52: 'TVS Apache RTR 180', 53: 'TVS Jupyter', 54: 'TVS Sport ', 55: 'TVS Wego', 56: 'UM Renegade Mojave', 57: 'Yamaha FZ  v 2.0', 58: 'Yamaha FZ 16', 59: 'Yamaha FZ S ', 60: 'Yamaha FZ S V 2.0', 61: 'Yamaha Fazer ', 62: 'alto 800', 63: 'alto k10', 64: 'amaze', 65: 'baleno', 66: 'brio', 67: 'camry', 68: 'ciaz', 69: 'city', 70: 'corolla', 71: 'corolla altis', 72: 'creta', 73: 'dzire', 74: 'elantra', 75: 'eon', 76: 'ertiga', 77: 'etios cross', 78: 'etios g', 79: 'etios gd', 80: 'etios liva', 81: 'fortuner', 82: 'grand i10', 83: 'i10', 84: 'i20', 85: 'ignis', 86: 'innova', 87: 'jazz', 88: 'land cruiser', 89: 'omni', 90: 'ritz', 91: 's cross', 92: 'swift', 93: 'sx4', 94: 'verna', 95: 'vitara brezza', 96: 'wagon r', 97: 'xcent'}
2026-04-17 17:42:21,860 - INFO - Detected column types: {'numeric': ['year', 'selling_price', 'present_price', 'kms_driven', 'owner'], 'categorical': ['fuel_type', 'seller_type', 'transmission'], 'text': [], 'datetime': [], 'boolean': []}
2026-04-17 17:42:21,873 - INFO - Extracted features columns: ['year', 'selling_price', 'present_price', 'kms_driven', 'fuel_type_CNG', 'fuel_type_Diesel', 'fuel_type_Petrol', 'seller_type_Dealer', 'seller_type_Individual', 'transmission_Automatic', 'transmission_Manual', 'owner']
2026-04-17 18:05:55,864 - INFO - Starting dynamic data cleaning process
2026-04-17 18:05:55,888 - INFO - Dynamic data cleaning process completed successfully
2026-04-17 18:05:55,894 - INFO - Generating validation report...
2026-04-17 18:05:55,915 - DEBUG - {'shape': (299, 9), 'columns': ['car_name', 'year', 'selling_price', 'present_price', 'kms_driven', 'fuel_type', 'seller_type', 'transmission', 'owner'], 'null_counts': {'car_name': 0, 'year': 0, 'selling_price': 0, 'present_price': 0, 'kms_driven': 0, 'fuel_type': 0, 'seller_type': 0, 'transmission': 0, 'owner': 0}, 'duplicate_rows': 0, 'dtypes': {'car_name': 'object', 'year': 'float64', 'selling_price': 'float64', 'present_price': 'float64', 'kms_driven': 'float64', 'fuel_type': 'object', 'seller_type': 'object', 'transmission': 'object', 'owner': 'float64'}, 'numeric_summary': {'year': {'count': 299.0, 'mean': 2013.6555183946489, 'std': 2.773023447871607, 'min': 2006.0, '25%': 2012.0, '50%': 2014.0, '75%': 2016.0, 'max': 2018.0}, 'selling_price': {'count': 299.0, 'mean': 4.233377926421405, 'std': 3.7271056335543, 'min': 0.1, '25%': 0.8500000000000001, '50%': 3.51, '75%': 6.0, 'max': 13.725000000000001}, 'present_price': {'count': 299.0, 'mean': 7.004448160535117, 'std': 6.092973897250185, 'min': 0.32, '25%': 1.2, '50%': 6.1, '75%': 9.84, 'max': 22.8}, 'kms_driven': {'count': 299.0, 'mean': 34387.09698996656, 'std': 23819.913772791995, 'min': 500.0, '25%': 15000.0, '50%': 32000.0, '75%': 48883.5, 'max': 99708.75}, 'owner': {'count': 299.0, 'mean': 0.0, 'std': 0.0, 'min': 0.0, '25%': 0.0, '50%': 0.0, '75%': 0.0, 'max': 0.0}}, 'categorical_summary': {'car_name': {'count': 299, 'unique': 98, 'top': 'city', 'freq': 26}, 'fuel_type': {'count': 299, 'unique': 3, 'top': 'Petrol', 'freq': 239}, 'seller_type': {'count': 299, 'unique': 2, 'top': 'Dealer', 'freq': 193}, 'transmission': {'count': 299, 'unique': 2, 'top': 'Manual', 'freq': 260}}, 'datetime_summary': {}}
2026-04-17 18:07:11,562 - INFO - [Routing Decision] Cleaned status = yes
2026-04-17 18:09:52,396 - INFO - Starting dynamic data cleaning process
2026-04-17 18:09:52,477 - INFO - Dynamic data cleaning process completed successfully
2026-04-17 18:09:52,485 - INFO - Generating validation report...
2026-04-17 18:09:52,530 - DEBUG - {'shape': (299, 9), 'columns': ['car_name', 'year', 'selling_price', 'present_price', 'kms_driven', 'fuel_type', 'seller_type', 'transmission', 'owner'], 'null_counts': {'car_name': 0, 'year': 0, 'selling_price': 0, 'present_price': 0, 'kms_driven': 0, 'fuel_type': 0, 'seller_type': 0, 'transmission': 0, 'owner': 0}, 'duplicate_rows': 0, 'dtypes': {'car_name': 'object', 'year': 'float64', 'selling_price': 'float64', 'present_price': 'float64', 'kms_driven': 'float64', 'fuel_type': 'object', 'seller_type': 'object', 'transmission': 'object', 'owner': 'float64'}, 'numeric_summary': {'year': {'count': 299.0, 'mean': 2013.6555183946489, 'std': 2.773023447871607, 'min': 2006.0, '25%': 2012.0, '50%': 2014.0, '75%': 2016.0, 'max': 2018.0}, 'selling_price': {'count': 299.0, 'mean': 4.233377926421405, 'std': 3.7271056335543, 'min': 0.1, '25%': 0.8500000000000001, '50%': 3.51, '75%': 6.0, 'max': 13.725000000000001}, 'present_price': {'count': 299.0, 'mean': 7.004448160535117, 'std': 6.092973897250185, 'min': 0.32, '25%': 1.2, '50%': 6.1, '75%': 9.84, 'max': 22.8}, 'kms_driven': {'count': 299.0, 'mean': 34387.09698996656, 'std': 23819.913772791995, 'min': 500.0, '25%': 15000.0, '50%': 32000.0, '75%': 48883.5, 'max': 99708.75}, 'owner': {'count': 299.0, 'mean': 0.0, 'std': 0.0, 'min': 0.0, '25%': 0.0, '50%': 0.0, '75%': 0.0, 'max': 0.0}}, 'categorical_summary': {'car_name': {'count': 299, 'unique': 98, 'top': 'city', 'freq': 26}, 'fuel_type': {'count': 299, 'unique': 3, 'top': 'Petrol', 'freq': 239}, 'seller_type': {'count': 299, 'unique': 2, 'top': 'Dealer', 'freq': 193}, 'transmission': {'count': 299, 'unique': 2, 'top': 'Manual', 'freq': 260}}, 'datetime_summary': {}}
2026-04-17 18:09:59,546 - INFO - [Routing Decision] Cleaned status = yes
2026-04-17 18:09:59,546 - INFO - Starting query analysis
2026-04-17 18:10:02,398 - INFO - Identified ML problem type: regression
2026-04-17 18:10:02,402 - INFO - Routing decision: regression
2026-04-17 18:10:02,405 - INFO - Determining target column
2026-04-17 18:10:13,588 - WARNING - Suggested column 'To address your request, here is the breakdown of the machine learning approach for your dataset:

### 1. Most Likely Target Column
The target column for this regression problem is:
**"selling_price"**

---

### 2. Accuracy Expectation
In a standard car price prediction dataset (like the common CarDekho dataset), using a model like **Random Forest Regressor** or **XGBoost**, you can typically achieve an **R² score between 0.85 and 0.95**. 

*   **Note:** Accuracy in regression is usually measured by R² (Coefficient of Determination) or RMSE (Root Mean Squared Error). An R² of 0.90 means the model explains 90% of the variance in car prices.

---

### 3. Why is "kms_driven" (Mileage) important?
Mileage is one of the most critical features in predicting the resale value of a vehicle for three primary reasons:

*   **Mechanical Depreciation:** Every kilometer driven causes wear and tear on internal components (engine, transmission, suspension, tires). A car with higher mileage is statistically closer to requiring major, expensive repairs.
*   **Maintenance Schedules:** Buyers use mileage to gauge where the car stands in its service life. High mileage often signals that the car is approaching major service intervals (like timing belt replacements), which lowers the immediate value.
*   **Market Perception:** There is a psychological "threshold" in the used car market. Vehicles with significantly high mileage are perceived as "used up," making them harder to sell and forcing sellers to lower the price to remain competitive.

---

### Suggested ML Workflow
To get the best results, you should process your data as follows:
1.  **Feature Engineering:** Convert `year` into `car_age` (Current Year - Year). This is more intuitive for the model than the raw year.
2.  **Encoding:** Use **One-Hot Encoding** for `fuel_type` (converting categories like Petrol, Diesel, CNG into numerical values).
3.  **Scaling:** While tree-based models (Random Forest) don't strictly require scaling, it is good practice if you decide to try linear regression models.
4.  **Model Selection:** Start with a **Random Forest Regressor** because it handles non-linear relationships (like the sharp drop in value during the first two years of a car's life) much better than simple linear models.' not found in dataset. Defaulting to first column.
2026-04-17 18:10:13,590 - INFO - Chosen target column: car_name
2026-04-17 18:10:13,593 - INFO - Applied LabelEncoder to target column. Classes: ['800' 'Activa 3g' 'Activa 4g' 'Bajaj  ct 100' 'Bajaj Avenger 150'
 'Bajaj Avenger 150 street' 'Bajaj Avenger 220' 'Bajaj Avenger 220 dtsi'
 'Bajaj Avenger Street 220' 'Bajaj Discover 100' 'Bajaj Discover 125'
 'Bajaj Dominar 400' 'Bajaj Pulsar  NS 200' 'Bajaj Pulsar 135 LS'
 'Bajaj Pulsar 150' 'Bajaj Pulsar 220 F' 'Bajaj Pulsar NS 200'
 'Bajaj Pulsar RS200' 'Hero  CBZ Xtreme' 'Hero  Ignitor Disc'
 'Hero Extreme' 'Hero Glamour' 'Hero Honda CBZ extreme'
 'Hero Honda Passion Pro' 'Hero Hunk' 'Hero Passion Pro'
 'Hero Passion X pro' 'Hero Splender Plus' 'Hero Splender iSmart'
 'Hero Super Splendor' 'Honda Activa 125' 'Honda Activa 4G'
 'Honda CB Hornet 160R' 'Honda CB Shine' 'Honda CB Trigger'
 'Honda CB Unicorn' 'Honda CB twister' 'Honda CBR 150' 'Honda Dream Yuga '
 'Honda Karizma' 'Hyosung GT250R' 'KTM 390 Duke ' 'KTM RC200' 'KTM RC390'
 'Mahindra Mojo XT300' 'Royal Enfield Bullet 350'
 'Royal Enfield Classic 350' 'Royal Enfield Classic 500'
 'Royal Enfield Thunder 350' 'Royal Enfield Thunder 500'
 'Suzuki Access 125' 'TVS Apache RTR 160' 'TVS Apache RTR 180'
 'TVS Jupyter' 'TVS Sport ' 'TVS Wego' 'UM Renegade Mojave'
 'Yamaha FZ  v 2.0' 'Yamaha FZ 16' 'Yamaha FZ S ' 'Yamaha FZ S V 2.0'
 'Yamaha Fazer ' 'alto 800' 'alto k10' 'amaze' 'baleno' 'brio' 'camry'
 'ciaz' 'city' 'corolla' 'corolla altis' 'creta' 'dzire' 'elantra' 'eon'
 'ertiga' 'etios cross' 'etios g' 'etios gd' 'etios liva' 'fortuner'
 'grand i10' 'i10' 'i20' 'ignis' 'innova' 'jazz' 'land cruiser' 'omni'
 'ritz' 's cross' 'swift' 'sx4' 'verna' 'vitara brezza' 'wagon r' 'xcent']
2026-04-17 18:10:13,593 - INFO - Label mapping: {0: '800', 1: 'Activa 3g', 2: 'Activa 4g', 3: 'Bajaj  ct 100', 4: 'Bajaj Avenger 150', 5: 'Bajaj Avenger 150 street', 6: 'Bajaj Avenger 220', 7: 'Bajaj Avenger 220 dtsi', 8: 'Bajaj Avenger Street 220', 9: 'Bajaj Discover 100', 10: 'Bajaj Discover 125', 11: 'Bajaj Dominar 400', 12: 'Bajaj Pulsar  NS 200', 13: 'Bajaj Pulsar 135 LS', 14: 'Bajaj Pulsar 150', 15: 'Bajaj Pulsar 220 F', 16: 'Bajaj Pulsar NS 200', 17: 'Bajaj Pulsar RS200', 18: 'Hero  CBZ Xtreme', 19: 'Hero  Ignitor Disc', 20: 'Hero Extreme', 21: 'Hero Glamour', 22: 'Hero Honda CBZ extreme', 23: 'Hero Honda Passion Pro', 24: 'Hero Hunk', 25: 'Hero Passion Pro', 26: 'Hero Passion X pro', 27: 'Hero Splender Plus', 28: 'Hero Splender iSmart', 29: 'Hero Super Splendor', 30: 'Honda Activa 125', 31: 'Honda Activa 4G', 32: 'Honda CB Hornet 160R', 33: 'Honda CB Shine', 34: 'Honda CB Trigger', 35: 'Honda CB Unicorn', 36: 'Honda CB twister', 37: 'Honda CBR 150', 38: 'Honda Dream Yuga ', 39: 'Honda Karizma', 40: 'Hyosung GT250R', 41: 'KTM 390 Duke ', 42: 'KTM RC200', 43: 'KTM RC390', 44: 'Mahindra Mojo XT300', 45: 'Royal Enfield Bullet 350', 46: 'Royal Enfield Classic 350', 47: 'Royal Enfield Classic 500', 48: 'Royal Enfield Thunder 350', 49: 'Royal Enfield Thunder 500', 50: 'Suzuki Access 125', 51: 'TVS Apache RTR 160', 52: 'TVS Apache RTR 180', 53: 'TVS Jupyter', 54: 'TVS Sport ', 55: 'TVS Wego', 56: 'UM Renegade Mojave', 57: 'Yamaha FZ  v 2.0', 58: 'Yamaha FZ 16', 59: 'Yamaha FZ S ', 60: 'Yamaha FZ S V 2.0', 61: 'Yamaha Fazer ', 62: 'alto 800', 63: 'alto k10', 64: 'amaze', 65: 'baleno', 66: 'brio', 67: 'camry', 68: 'ciaz', 69: 'city', 70: 'corolla', 71: 'corolla altis', 72: 'creta', 73: 'dzire', 74: 'elantra', 75: 'eon', 76: 'ertiga', 77: 'etios cross', 78: 'etios g', 79: 'etios gd', 80: 'etios liva', 81: 'fortuner', 82: 'grand i10', 83: 'i10', 84: 'i20', 85: 'ignis', 86: 'innova', 87: 'jazz', 88: 'land cruiser', 89: 'omni', 90: 'ritz', 91: 's cross', 92: 'swift', 93: 'sx4', 94: 'verna', 95: 'vitara brezza', 96: 'wagon r', 97: 'xcent'}
2026-04-17 18:10:13,598 - INFO - Detected column types: {'numeric': ['year', 'selling_price', 'present_price', 'kms_driven', 'owner'], 'categorical': ['fuel_type', 'seller_type', 'transmission'], 'text': [], 'datetime': [], 'boolean': []}
2026-04-17 18:10:13,605 - INFO - Extracted features columns: ['year', 'selling_price', 'present_price', 'kms_driven', 'fuel_type_CNG', 'fuel_type_Diesel', 'fuel_type_Petrol', 'seller_type_Dealer', 'seller_type_Individual', 'transmission_Automatic', 'transmission_Manual', 'owner']
2026-04-17 18:14:26,376 - INFO - Starting dynamic data cleaning process
2026-04-17 18:14:26,432 - INFO - Dynamic data cleaning process completed successfully
2026-04-17 18:14:26,434 - INFO - Generating validation report...
2026-04-17 18:14:26,473 - DEBUG - {'shape': (299, 9), 'columns': ['car_name', 'year', 'selling_price', 'present_price', 'kms_driven', 'fuel_type', 'seller_type', 'transmission', 'owner'], 'null_counts': {'car_name': 0, 'year': 0, 'selling_price': 0, 'present_price': 0, 'kms_driven': 0, 'fuel_type': 0, 'seller_type': 0, 'transmission': 0, 'owner': 0}, 'duplicate_rows': 0, 'dtypes': {'car_name': 'object', 'year': 'float64', 'selling_price': 'float64', 'present_price': 'float64', 'kms_driven': 'float64', 'fuel_type': 'object', 'seller_type': 'object', 'transmission': 'object', 'owner': 'float64'}, 'numeric_summary': {'year': {'count': 299.0, 'mean': 2013.6555183946489, 'std': 2.773023447871607, 'min': 2006.0, '25%': 2012.0, '50%': 2014.0, '75%': 2016.0, 'max': 2018.0}, 'selling_price': {'count': 299.0, 'mean': 4.233377926421405, 'std': 3.7271056335543, 'min': 0.1, '25%': 0.8500000000000001, '50%': 3.51, '75%': 6.0, 'max': 13.725000000000001}, 'present_price': {'count': 299.0, 'mean': 7.004448160535117, 'std': 6.092973897250185, 'min': 0.32, '25%': 1.2, '50%': 6.1, '75%': 9.84, 'max': 22.8}, 'kms_driven': {'count': 299.0, 'mean': 34387.09698996656, 'std': 23819.913772791995, 'min': 500.0, '25%': 15000.0, '50%': 32000.0, '75%': 48883.5, 'max': 99708.75}, 'owner': {'count': 299.0, 'mean': 0.0, 'std': 0.0, 'min': 0.0, '25%': 0.0, '50%': 0.0, '75%': 0.0, 'max': 0.0}}, 'categorical_summary': {'car_name': {'count': 299, 'unique': 98, 'top': 'city', 'freq': 26}, 'fuel_type': {'count': 299, 'unique': 3, 'top': 'Petrol', 'freq': 239}, 'seller_type': {'count': 299, 'unique': 2, 'top': 'Dealer', 'freq': 193}, 'transmission': {'count': 299, 'unique': 2, 'top': 'Manual', 'freq': 260}}, 'datetime_summary': {}}
2026-04-17 18:14:44,623 - INFO - Starting dynamic data cleaning process
2026-04-17 18:14:44,679 - INFO - Dynamic data cleaning process completed successfully
2026-04-17 18:14:44,679 - INFO - Generating validation report...
2026-04-17 18:14:44,714 - DEBUG - {'shape': (299, 9), 'columns': ['car_name', 'year', 'selling_price', 'present_price', 'kms_driven', 'fuel_type', 'seller_type', 'transmission', 'owner'], 'null_counts': {'car_name': 0, 'year': 0, 'selling_price': 0, 'present_price': 0, 'kms_driven': 0, 'fuel_type': 0, 'seller_type': 0, 'transmission': 0, 'owner': 0}, 'duplicate_rows': 0, 'dtypes': {'car_name': 'object', 'year': 'float64', 'selling_price': 'float64', 'present_price': 'float64', 'kms_driven': 'float64', 'fuel_type': 'object', 'seller_type': 'object', 'transmission': 'object', 'owner': 'float64'}, 'numeric_summary': {'year': {'count': 299.0, 'mean': 2013.6555183946489, 'std': 2.773023447871607, 'min': 2006.0, '25%': 2012.0, '50%': 2014.0, '75%': 2016.0, 'max': 2018.0}, 'selling_price': {'count': 299.0, 'mean': 4.233377926421405, 'std': 3.7271056335543, 'min': 0.1, '25%': 0.8500000000000001, '50%': 3.51, '75%': 6.0, 'max': 13.725000000000001}, 'present_price': {'count': 299.0, 'mean': 7.004448160535117, 'std': 6.092973897250185, 'min': 0.32, '25%': 1.2, '50%': 6.1, '75%': 9.84, 'max': 22.8}, 'kms_driven': {'count': 299.0, 'mean': 34387.09698996656, 'std': 23819.913772791995, 'min': 500.0, '25%': 15000.0, '50%': 32000.0, '75%': 48883.5, 'max': 99708.75}, 'owner': {'count': 299.0, 'mean': 0.0, 'std': 0.0, 'min': 0.0, '25%': 0.0, '50%': 0.0, '75%': 0.0, 'max': 0.0}}, 'categorical_summary': {'car_name': {'count': 299, 'unique': 98, 'top': 'city', 'freq': 26}, 'fuel_type': {'count': 299, 'unique': 3, 'top': 'Petrol', 'freq': 239}, 'seller_type': {'count': 299, 'unique': 2, 'top': 'Dealer', 'freq': 193}, 'transmission': {'count': 299, 'unique': 2, 'top': 'Manual', 'freq': 260}}, 'datetime_summary': {}}
2026-04-17 18:14:49,434 - INFO - [Routing Decision] Cleaned status = yes
2026-04-17 18:14:49,436 - INFO - Starting query analysis
2026-04-17 18:14:51,237 - INFO - Identified ML problem type: regression
2026-04-17 18:14:51,241 - INFO - Routing decision: regression
2026-04-17 18:14:51,244 - INFO - Determining target column
2026-04-17 18:14:54,428 - WARNING - Suggested column 'To address your request, here is the breakdown of the machine learning approach for your dataset:

### 1. Target Column
The most likely target column for this ML problem is:
**"selling_price"**

---

### 2. Predicting the Selling Price
To predict the `selling_price` based on `year` (age), `kms_driven`, and `fuel_type`, you would typically use a **Regression algorithm** (such as Linear Regression, Random Forest Regressor, or XGBoost).

*   **Age Calculation:** You would first transform the `year` column into `age` by subtracting the current year from the car's manufacturing year.
*   **Encoding:** Since `fuel_type` is categorical (e.g., Petrol, Diesel, CNG), you would need to perform **One-Hot Encoding** or **Label Encoding** to convert it into a numerical format that the model can process.

### 3. Accuracy
The accuracy of a regression model is not measured in "percent correct" (like classification), but rather in metrics such as:
*   **R-squared ($R^2$):** Indicates how much of the variance in the selling price is explained by your features (Age, Kms, Fuel). An $R^2$ closer to 1.0 is ideal.
*   **MAE (Mean Absolute Error):** Represents the average dollar amount by which your predictions deviate from the actual selling price.
*   **RMSE (Root Mean Squared Error):** Penalizes larger errors more heavily, giving you an idea of how "off" your model is in the worst cases.

*Note: The actual accuracy depends entirely on the quality of your specific dataset. In typical car price datasets, these three features usually explain 70-85% of the price variance.*

---

### 4. Why is Mileage (`kms_driven`) Important?
Mileage is one of the most critical features in car valuation for three primary reasons:

1.  **Mechanical Wear and Tear:** Higher mileage directly correlates to the degradation of engine components, suspension, brakes, and transmission. A car with more kilometers is statistically closer to requiring expensive repairs or parts replacement.
2.  **Depreciation Curve:** The automotive market operates on a "usage-based depreciation" model. Buyers perceive high mileage as a signal that the vehicle has a shorter "remaining useful life," which significantly lowers its resale value regardless of the car's age.
3.  **Maintenance History Uncertainty:** While a car might be well-maintained, high mileage increases the risk of hidden issues. Buyers apply a "risk discount" to high-mileage vehicles to compensate for the uncertainty regarding how the car was driven and serviced over those kilometers.' not found in dataset. Defaulting to first column.
2026-04-17 18:14:54,428 - INFO - Chosen target column: car_name
2026-04-17 18:14:54,428 - INFO - Applied LabelEncoder to target column. Classes: ['800' 'Activa 3g' 'Activa 4g' 'Bajaj  ct 100' 'Bajaj Avenger 150'
 'Bajaj Avenger 150 street' 'Bajaj Avenger 220' 'Bajaj Avenger 220 dtsi'
 'Bajaj Avenger Street 220' 'Bajaj Discover 100' 'Bajaj Discover 125'
 'Bajaj Dominar 400' 'Bajaj Pulsar  NS 200' 'Bajaj Pulsar 135 LS'
 'Bajaj Pulsar 150' 'Bajaj Pulsar 220 F' 'Bajaj Pulsar NS 200'
 'Bajaj Pulsar RS200' 'Hero  CBZ Xtreme' 'Hero  Ignitor Disc'
 'Hero Extreme' 'Hero Glamour' 'Hero Honda CBZ extreme'
 'Hero Honda Passion Pro' 'Hero Hunk' 'Hero Passion Pro'
 'Hero Passion X pro' 'Hero Splender Plus' 'Hero Splender iSmart'
 'Hero Super Splendor' 'Honda Activa 125' 'Honda Activa 4G'
 'Honda CB Hornet 160R' 'Honda CB Shine' 'Honda CB Trigger'
 'Honda CB Unicorn' 'Honda CB twister' 'Honda CBR 150' 'Honda Dream Yuga '
 'Honda Karizma' 'Hyosung GT250R' 'KTM 390 Duke ' 'KTM RC200' 'KTM RC390'
 'Mahindra Mojo XT300' 'Royal Enfield Bullet 350'
 'Royal Enfield Classic 350' 'Royal Enfield Classic 500'
 'Royal Enfield Thunder 350' 'Royal Enfield Thunder 500'
 'Suzuki Access 125' 'TVS Apache RTR 160' 'TVS Apache RTR 180'
 'TVS Jupyter' 'TVS Sport ' 'TVS Wego' 'UM Renegade Mojave'
 'Yamaha FZ  v 2.0' 'Yamaha FZ 16' 'Yamaha FZ S ' 'Yamaha FZ S V 2.0'
 'Yamaha Fazer ' 'alto 800' 'alto k10' 'amaze' 'baleno' 'brio' 'camry'
 'ciaz' 'city' 'corolla' 'corolla altis' 'creta' 'dzire' 'elantra' 'eon'
 'ertiga' 'etios cross' 'etios g' 'etios gd' 'etios liva' 'fortuner'
 'grand i10' 'i10' 'i20' 'ignis' 'innova' 'jazz' 'land cruiser' 'omni'
 'ritz' 's cross' 'swift' 'sx4' 'verna' 'vitara brezza' 'wagon r' 'xcent']
2026-04-17 18:14:54,428 - INFO - Label mapping: {0: '800', 1: 'Activa 3g', 2: 'Activa 4g', 3: 'Bajaj  ct 100', 4: 'Bajaj Avenger 150', 5: 'Bajaj Avenger 150 street', 6: 'Bajaj Avenger 220', 7: 'Bajaj Avenger 220 dtsi', 8: 'Bajaj Avenger Street 220', 9: 'Bajaj Discover 100', 10: 'Bajaj Discover 125', 11: 'Bajaj Dominar 400', 12: 'Bajaj Pulsar  NS 200', 13: 'Bajaj Pulsar 135 LS', 14: 'Bajaj Pulsar 150', 15: 'Bajaj Pulsar 220 F', 16: 'Bajaj Pulsar NS 200', 17: 'Bajaj Pulsar RS200', 18: 'Hero  CBZ Xtreme', 19: 'Hero  Ignitor Disc', 20: 'Hero Extreme', 21: 'Hero Glamour', 22: 'Hero Honda CBZ extreme', 23: 'Hero Honda Passion Pro', 24: 'Hero Hunk', 25: 'Hero Passion Pro', 26: 'Hero Passion X pro', 27: 'Hero Splender Plus', 28: 'Hero Splender iSmart', 29: 'Hero Super Splendor', 30: 'Honda Activa 125', 31: 'Honda Activa 4G', 32: 'Honda CB Hornet 160R', 33: 'Honda CB Shine', 34: 'Honda CB Trigger', 35: 'Honda CB Unicorn', 36: 'Honda CB twister', 37: 'Honda CBR 150', 38: 'Honda Dream Yuga ', 39: 'Honda Karizma', 40: 'Hyosung GT250R', 41: 'KTM 390 Duke ', 42: 'KTM RC200', 43: 'KTM RC390', 44: 'Mahindra Mojo XT300', 45: 'Royal Enfield Bullet 350', 46: 'Royal Enfield Classic 350', 47: 'Royal Enfield Classic 500', 48: 'Royal Enfield Thunder 350', 49: 'Royal Enfield Thunder 500', 50: 'Suzuki Access 125', 51: 'TVS Apache RTR 160', 52: 'TVS Apache RTR 180', 53: 'TVS Jupyter', 54: 'TVS Sport ', 55: 'TVS Wego', 56: 'UM Renegade Mojave', 57: 'Yamaha FZ  v 2.0', 58: 'Yamaha FZ 16', 59: 'Yamaha FZ S ', 60: 'Yamaha FZ S V 2.0', 61: 'Yamaha Fazer ', 62: 'alto 800', 63: 'alto k10', 64: 'amaze', 65: 'baleno', 66: 'brio', 67: 'camry', 68: 'ciaz', 69: 'city', 70: 'corolla', 71: 'corolla altis', 72: 'creta', 73: 'dzire', 74: 'elantra', 75: 'eon', 76: 'ertiga', 77: 'etios cross', 78: 'etios g', 79: 'etios gd', 80: 'etios liva', 81: 'fortuner', 82: 'grand i10', 83: 'i10', 84: 'i20', 85: 'ignis', 86: 'innova', 87: 'jazz', 88: 'land cruiser', 89: 'omni', 90: 'ritz', 91: 's cross', 92: 'swift', 93: 'sx4', 94: 'verna', 95: 'vitara brezza', 96: 'wagon r', 97: 'xcent'}
2026-04-17 18:14:54,439 - INFO - Detected column types: {'numeric': ['year', 'selling_price', 'present_price', 'kms_driven', 'owner'], 'categorical': ['fuel_type', 'seller_type', 'transmission'], 'text': [], 'datetime': [], 'boolean': []}
2026-04-17 18:14:54,453 - INFO - Extracted features columns: ['year', 'selling_price', 'present_price', 'kms_driven', 'fuel_type_CNG', 'fuel_type_Diesel', 'fuel_type_Petrol', 'seller_type_Dealer', 'seller_type_Individual', 'transmission_Automatic', 'transmission_Manual', 'owner']
2026-04-17 18:14:57,082 - INFO - Final features after LLM enhancement: ['transmission_Manual', 'fuel_type_CNG', 'year', 'seller_type_Dealer', 'transmission_Automatic', 'present_price', 'selling_price', 'fuel_type_Diesel', 'seller_type_Individual', 'fuel_type_Petrol', 'kms_driven']
2026-04-17 18:15:00,813 - INFO - Generated ML config
2026-04-17 18:15:00,813 - INFO - Starting model fitting
2026-04-17 18:15:03,280 - DEBUG - Model training completed successfullyRandomForestRegressor(max_depth=10, random_state=42)
2026-04-17 18:15:03,284 - INFO - Computing model metrics
2026-04-17 18:15:03,284 - DEBUG - Task type: regression
2026-04-17 18:15:03,291 - DEBUG - Evaluation data shape: (299, 11), (299,)
2026-04-17 18:15:03,318 - INFO - Metrics computed successfully: {'MAE': 2.8733808163521743, 'MSE': 18.251314871026135, 'RMSE': np.float64(4.272155763900251), 'R2': 0.972111670635287}
2026-04-17 18:15:03,318 - INFO - Generating prediction from user query
2026-04-17 18:15:03,326 - INFO - Extracted features columns: []
2026-04-17 18:15:03,326 - INFO - Aligned input shape: (1, 11)
2026-04-17 18:15:03,342 - INFO - Raw prediction: [13.9]
2026-04-17 18:15:03,342 - INFO - Final prediction result: {'question': "Predict the selling price based on the car's age, kms driven, and fuel type. Tell me the accuracy and explain why the mileage is important.\n\n", 'inputs': {'message': "Predict the selling price based on the car's age, kms driven, and fuel type. Tell me the accuracy and explain why the mileage is important.\n\n"}, 'prediction': 13.9}
2026-04-17 18:15:04,858 - INFO - Generated explanation for prediction
2026-04-17 18:18:19,430 - INFO - Starting dynamic data cleaning process
2026-04-17 18:18:19,485 - INFO - Dynamic data cleaning process completed successfully
2026-04-17 18:18:19,489 - INFO - Generating validation report...
2026-04-17 18:18:19,520 - DEBUG - {'shape': (299, 9), 'columns': ['car_name', 'year', 'selling_price', 'present_price', 'kms_driven', 'fuel_type', 'seller_type', 'transmission', 'owner'], 'null_counts': {'car_name': 0, 'year': 0, 'selling_price': 0, 'present_price': 0, 'kms_driven': 0, 'fuel_type': 0, 'seller_type': 0, 'transmission': 0, 'owner': 0}, 'duplicate_rows': 0, 'dtypes': {'car_name': 'object', 'year': 'float64', 'selling_price': 'float64', 'present_price': 'float64', 'kms_driven': 'float64', 'fuel_type': 'object', 'seller_type': 'object', 'transmission': 'object', 'owner': 'float64'}, 'numeric_summary': {'year': {'count': 299.0, 'mean': 2013.6555183946489, 'std': 2.773023447871607, 'min': 2006.0, '25%': 2012.0, '50%': 2014.0, '75%': 2016.0, 'max': 2018.0}, 'selling_price': {'count': 299.0, 'mean': 4.233377926421405, 'std': 3.7271056335543, 'min': 0.1, '25%': 0.8500000000000001, '50%': 3.51, '75%': 6.0, 'max': 13.725000000000001}, 'present_price': {'count': 299.0, 'mean': 7.004448160535117, 'std': 6.092973897250185, 'min': 0.32, '25%': 1.2, '50%': 6.1, '75%': 9.84, 'max': 22.8}, 'kms_driven': {'count': 299.0, 'mean': 34387.09698996656, 'std': 23819.913772791995, 'min': 500.0, '25%': 15000.0, '50%': 32000.0, '75%': 48883.5, 'max': 99708.75}, 'owner': {'count': 299.0, 'mean': 0.0, 'std': 0.0, 'min': 0.0, '25%': 0.0, '50%': 0.0, '75%': 0.0, 'max': 0.0}}, 'categorical_summary': {'car_name': {'count': 299, 'unique': 98, 'top': 'city', 'freq': 26}, 'fuel_type': {'count': 299, 'unique': 3, 'top': 'Petrol', 'freq': 239}, 'seller_type': {'count': 299, 'unique': 2, 'top': 'Dealer', 'freq': 193}, 'transmission': {'count': 299, 'unique': 2, 'top': 'Manual', 'freq': 260}}, 'datetime_summary': {}}
2026-04-17 18:18:20,534 - INFO - [Routing Decision] Cleaned status = yes
2026-04-17 18:18:20,538 - INFO - Starting query analysis
2026-04-17 18:18:21,894 - INFO - Identified ML problem type: regression
2026-04-17 18:18:21,897 - INFO - Routing decision: regression
2026-04-17 18:18:21,897 - INFO - Determining target column
2026-04-17 18:18:40,720 - WARNING - Suggested column ''selling_price'' not found in dataset. Defaulting to first column.
2026-04-17 18:18:40,722 - INFO - Chosen target column: car_name
2026-04-17 18:18:40,726 - INFO - Applied LabelEncoder to target column. Classes: ['800' 'Activa 3g' 'Activa 4g' 'Bajaj  ct 100' 'Bajaj Avenger 150'
 'Bajaj Avenger 150 street' 'Bajaj Avenger 220' 'Bajaj Avenger 220 dtsi'
 'Bajaj Avenger Street 220' 'Bajaj Discover 100' 'Bajaj Discover 125'
 'Bajaj Dominar 400' 'Bajaj Pulsar  NS 200' 'Bajaj Pulsar 135 LS'
 'Bajaj Pulsar 150' 'Bajaj Pulsar 220 F' 'Bajaj Pulsar NS 200'
 'Bajaj Pulsar RS200' 'Hero  CBZ Xtreme' 'Hero  Ignitor Disc'
 'Hero Extreme' 'Hero Glamour' 'Hero Honda CBZ extreme'
 'Hero Honda Passion Pro' 'Hero Hunk' 'Hero Passion Pro'
 'Hero Passion X pro' 'Hero Splender Plus' 'Hero Splender iSmart'
 'Hero Super Splendor' 'Honda Activa 125' 'Honda Activa 4G'
 'Honda CB Hornet 160R' 'Honda CB Shine' 'Honda CB Trigger'
 'Honda CB Unicorn' 'Honda CB twister' 'Honda CBR 150' 'Honda Dream Yuga '
 'Honda Karizma' 'Hyosung GT250R' 'KTM 390 Duke ' 'KTM RC200' 'KTM RC390'
 'Mahindra Mojo XT300' 'Royal Enfield Bullet 350'
 'Royal Enfield Classic 350' 'Royal Enfield Classic 500'
 'Royal Enfield Thunder 350' 'Royal Enfield Thunder 500'
 'Suzuki Access 125' 'TVS Apache RTR 160' 'TVS Apache RTR 180'
 'TVS Jupyter' 'TVS Sport ' 'TVS Wego' 'UM Renegade Mojave'
 'Yamaha FZ  v 2.0' 'Yamaha FZ 16' 'Yamaha FZ S ' 'Yamaha FZ S V 2.0'
 'Yamaha Fazer ' 'alto 800' 'alto k10' 'amaze' 'baleno' 'brio' 'camry'
 'ciaz' 'city' 'corolla' 'corolla altis' 'creta' 'dzire' 'elantra' 'eon'
 'ertiga' 'etios cross' 'etios g' 'etios gd' 'etios liva' 'fortuner'
 'grand i10' 'i10' 'i20' 'ignis' 'innova' 'jazz' 'land cruiser' 'omni'
 'ritz' 's cross' 'swift' 'sx4' 'verna' 'vitara brezza' 'wagon r' 'xcent']
2026-04-17 18:18:40,726 - INFO - Label mapping: {0: '800', 1: 'Activa 3g', 2: 'Activa 4g', 3: 'Bajaj  ct 100', 4: 'Bajaj Avenger 150', 5: 'Bajaj Avenger 150 street', 6: 'Bajaj Avenger 220', 7: 'Bajaj Avenger 220 dtsi', 8: 'Bajaj Avenger Street 220', 9: 'Bajaj Discover 100', 10: 'Bajaj Discover 125', 11: 'Bajaj Dominar 400', 12: 'Bajaj Pulsar  NS 200', 13: 'Bajaj Pulsar 135 LS', 14: 'Bajaj Pulsar 150', 15: 'Bajaj Pulsar 220 F', 16: 'Bajaj Pulsar NS 200', 17: 'Bajaj Pulsar RS200', 18: 'Hero  CBZ Xtreme', 19: 'Hero  Ignitor Disc', 20: 'Hero Extreme', 21: 'Hero Glamour', 22: 'Hero Honda CBZ extreme', 23: 'Hero Honda Passion Pro', 24: 'Hero Hunk', 25: 'Hero Passion Pro', 26: 'Hero Passion X pro', 27: 'Hero Splender Plus', 28: 'Hero Splender iSmart', 29: 'Hero Super Splendor', 30: 'Honda Activa 125', 31: 'Honda Activa 4G', 32: 'Honda CB Hornet 160R', 33: 'Honda CB Shine', 34: 'Honda CB Trigger', 35: 'Honda CB Unicorn', 36: 'Honda CB twister', 37: 'Honda CBR 150', 38: 'Honda Dream Yuga ', 39: 'Honda Karizma', 40: 'Hyosung GT250R', 41: 'KTM 390 Duke ', 42: 'KTM RC200', 43: 'KTM RC390', 44: 'Mahindra Mojo XT300', 45: 'Royal Enfield Bullet 350', 46: 'Royal Enfield Classic 350', 47: 'Royal Enfield Classic 500', 48: 'Royal Enfield Thunder 350', 49: 'Royal Enfield Thunder 500', 50: 'Suzuki Access 125', 51: 'TVS Apache RTR 160', 52: 'TVS Apache RTR 180', 53: 'TVS Jupyter', 54: 'TVS Sport ', 55: 'TVS Wego', 56: 'UM Renegade Mojave', 57: 'Yamaha FZ  v 2.0', 58: 'Yamaha FZ 16', 59: 'Yamaha FZ S ', 60: 'Yamaha FZ S V 2.0', 61: 'Yamaha Fazer ', 62: 'alto 800', 63: 'alto k10', 64: 'amaze', 65: 'baleno', 66: 'brio', 67: 'camry', 68: 'ciaz', 69: 'city', 70: 'corolla', 71: 'corolla altis', 72: 'creta', 73: 'dzire', 74: 'elantra', 75: 'eon', 76: 'ertiga', 77: 'etios cross', 78: 'etios g', 79: 'etios gd', 80: 'etios liva', 81: 'fortuner', 82: 'grand i10', 83: 'i10', 84: 'i20', 85: 'ignis', 86: 'innova', 87: 'jazz', 88: 'land cruiser', 89: 'omni', 90: 'ritz', 91: 's cross', 92: 'swift', 93: 'sx4', 94: 'verna', 95: 'vitara brezza', 96: 'wagon r', 97: 'xcent'}
2026-04-17 18:18:40,731 - INFO - Detected column types: {'numeric': ['year', 'selling_price', 'present_price', 'kms_driven', 'owner'], 'categorical': ['fuel_type', 'seller_type', 'transmission'], 'text': [], 'datetime': [], 'boolean': []}
2026-04-17 18:18:40,737 - INFO - Extracted features columns: ['year', 'selling_price', 'present_price', 'kms_driven', 'fuel_type_CNG', 'fuel_type_Diesel', 'fuel_type_Petrol', 'seller_type_Dealer', 'seller_type_Individual', 'transmission_Automatic', 'transmission_Manual', 'owner']
2026-04-17 18:19:15,621 - INFO - Starting dynamic data cleaning process
2026-04-17 18:19:15,702 - INFO - Dynamic data cleaning process completed successfully
2026-04-17 18:19:15,705 - INFO - Generating validation report...
2026-04-17 18:19:15,737 - DEBUG - {'shape': (299, 9), 'columns': ['car_name', 'year', 'selling_price', 'present_price', 'kms_driven', 'fuel_type', 'seller_type', 'transmission', 'owner'], 'null_counts': {'car_name': 0, 'year': 0, 'selling_price': 0, 'present_price': 0, 'kms_driven': 0, 'fuel_type': 0, 'seller_type': 0, 'transmission': 0, 'owner': 0}, 'duplicate_rows': 0, 'dtypes': {'car_name': 'object', 'year': 'float64', 'selling_price': 'float64', 'present_price': 'float64', 'kms_driven': 'float64', 'fuel_type': 'object', 'seller_type': 'object', 'transmission': 'object', 'owner': 'float64'}, 'numeric_summary': {'year': {'count': 299.0, 'mean': 2013.6555183946489, 'std': 2.773023447871607, 'min': 2006.0, '25%': 2012.0, '50%': 2014.0, '75%': 2016.0, 'max': 2018.0}, 'selling_price': {'count': 299.0, 'mean': 4.233377926421405, 'std': 3.7271056335543, 'min': 0.1, '25%': 0.8500000000000001, '50%': 3.51, '75%': 6.0, 'max': 13.725000000000001}, 'present_price': {'count': 299.0, 'mean': 7.004448160535117, 'std': 6.092973897250185, 'min': 0.32, '25%': 1.2, '50%': 6.1, '75%': 9.84, 'max': 22.8}, 'kms_driven': {'count': 299.0, 'mean': 34387.09698996656, 'std': 23819.913772791995, 'min': 500.0, '25%': 15000.0, '50%': 32000.0, '75%': 48883.5, 'max': 99708.75}, 'owner': {'count': 299.0, 'mean': 0.0, 'std': 0.0, 'min': 0.0, '25%': 0.0, '50%': 0.0, '75%': 0.0, 'max': 0.0}}, 'categorical_summary': {'car_name': {'count': 299, 'unique': 98, 'top': 'city', 'freq': 26}, 'fuel_type': {'count': 299, 'unique': 3, 'top': 'Petrol', 'freq': 239}, 'seller_type': {'count': 299, 'unique': 2, 'top': 'Dealer', 'freq': 193}, 'transmission': {'count': 299, 'unique': 2, 'top': 'Manual', 'freq': 260}}, 'datetime_summary': {}}
2026-04-17 18:19:17,179 - INFO - [Routing Decision] Cleaned status = yes
2026-04-17 18:19:17,179 - INFO - Starting query analysis
2026-04-17 18:19:17,810 - INFO - Identified ML problem type: regression
2026-04-17 18:19:17,819 - INFO - Routing decision: regression
2026-04-17 18:19:17,819 - INFO - Determining target column
2026-04-17 18:19:18,736 - WARNING - Suggested column 'The most likely target column for this ML problem is:

**'selling_price'**' not found in dataset. Defaulting to first column.
2026-04-17 18:19:18,745 - INFO - Chosen target column: car_name
2026-04-17 18:19:18,745 - INFO - Applied LabelEncoder to target column. Classes: ['800' 'Activa 3g' 'Activa 4g' 'Bajaj  ct 100' 'Bajaj Avenger 150'
 'Bajaj Avenger 150 street' 'Bajaj Avenger 220' 'Bajaj Avenger 220 dtsi'
 'Bajaj Avenger Street 220' 'Bajaj Discover 100' 'Bajaj Discover 125'
 'Bajaj Dominar 400' 'Bajaj Pulsar  NS 200' 'Bajaj Pulsar 135 LS'
 'Bajaj Pulsar 150' 'Bajaj Pulsar 220 F' 'Bajaj Pulsar NS 200'
 'Bajaj Pulsar RS200' 'Hero  CBZ Xtreme' 'Hero  Ignitor Disc'
 'Hero Extreme' 'Hero Glamour' 'Hero Honda CBZ extreme'
 'Hero Honda Passion Pro' 'Hero Hunk' 'Hero Passion Pro'
 'Hero Passion X pro' 'Hero Splender Plus' 'Hero Splender iSmart'
 'Hero Super Splendor' 'Honda Activa 125' 'Honda Activa 4G'
 'Honda CB Hornet 160R' 'Honda CB Shine' 'Honda CB Trigger'
 'Honda CB Unicorn' 'Honda CB twister' 'Honda CBR 150' 'Honda Dream Yuga '
 'Honda Karizma' 'Hyosung GT250R' 'KTM 390 Duke ' 'KTM RC200' 'KTM RC390'
 'Mahindra Mojo XT300' 'Royal Enfield Bullet 350'
 'Royal Enfield Classic 350' 'Royal Enfield Classic 500'
 'Royal Enfield Thunder 350' 'Royal Enfield Thunder 500'
 'Suzuki Access 125' 'TVS Apache RTR 160' 'TVS Apache RTR 180'
 'TVS Jupyter' 'TVS Sport ' 'TVS Wego' 'UM Renegade Mojave'
 'Yamaha FZ  v 2.0' 'Yamaha FZ 16' 'Yamaha FZ S ' 'Yamaha FZ S V 2.0'
 'Yamaha Fazer ' 'alto 800' 'alto k10' 'amaze' 'baleno' 'brio' 'camry'
 'ciaz' 'city' 'corolla' 'corolla altis' 'creta' 'dzire' 'elantra' 'eon'
 'ertiga' 'etios cross' 'etios g' 'etios gd' 'etios liva' 'fortuner'
 'grand i10' 'i10' 'i20' 'ignis' 'innova' 'jazz' 'land cruiser' 'omni'
 'ritz' 's cross' 'swift' 'sx4' 'verna' 'vitara brezza' 'wagon r' 'xcent']
2026-04-17 18:19:18,752 - INFO - Label mapping: {0: '800', 1: 'Activa 3g', 2: 'Activa 4g', 3: 'Bajaj  ct 100', 4: 'Bajaj Avenger 150', 5: 'Bajaj Avenger 150 street', 6: 'Bajaj Avenger 220', 7: 'Bajaj Avenger 220 dtsi', 8: 'Bajaj Avenger Street 220', 9: 'Bajaj Discover 100', 10: 'Bajaj Discover 125', 11: 'Bajaj Dominar 400', 12: 'Bajaj Pulsar  NS 200', 13: 'Bajaj Pulsar 135 LS', 14: 'Bajaj Pulsar 150', 15: 'Bajaj Pulsar 220 F', 16: 'Bajaj Pulsar NS 200', 17: 'Bajaj Pulsar RS200', 18: 'Hero  CBZ Xtreme', 19: 'Hero  Ignitor Disc', 20: 'Hero Extreme', 21: 'Hero Glamour', 22: 'Hero Honda CBZ extreme', 23: 'Hero Honda Passion Pro', 24: 'Hero Hunk', 25: 'Hero Passion Pro', 26: 'Hero Passion X pro', 27: 'Hero Splender Plus', 28: 'Hero Splender iSmart', 29: 'Hero Super Splendor', 30: 'Honda Activa 125', 31: 'Honda Activa 4G', 32: 'Honda CB Hornet 160R', 33: 'Honda CB Shine', 34: 'Honda CB Trigger', 35: 'Honda CB Unicorn', 36: 'Honda CB twister', 37: 'Honda CBR 150', 38: 'Honda Dream Yuga ', 39: 'Honda Karizma', 40: 'Hyosung GT250R', 41: 'KTM 390 Duke ', 42: 'KTM RC200', 43: 'KTM RC390', 44: 'Mahindra Mojo XT300', 45: 'Royal Enfield Bullet 350', 46: 'Royal Enfield Classic 350', 47: 'Royal Enfield Classic 500', 48: 'Royal Enfield Thunder 350', 49: 'Royal Enfield Thunder 500', 50: 'Suzuki Access 125', 51: 'TVS Apache RTR 160', 52: 'TVS Apache RTR 180', 53: 'TVS Jupyter', 54: 'TVS Sport ', 55: 'TVS Wego', 56: 'UM Renegade Mojave', 57: 'Yamaha FZ  v 2.0', 58: 'Yamaha FZ 16', 59: 'Yamaha FZ S ', 60: 'Yamaha FZ S V 2.0', 61: 'Yamaha Fazer ', 62: 'alto 800', 63: 'alto k10', 64: 'amaze', 65: 'baleno', 66: 'brio', 67: 'camry', 68: 'ciaz', 69: 'city', 70: 'corolla', 71: 'corolla altis', 72: 'creta', 73: 'dzire', 74: 'elantra', 75: 'eon', 76: 'ertiga', 77: 'etios cross', 78: 'etios g', 79: 'etios gd', 80: 'etios liva', 81: 'fortuner', 82: 'grand i10', 83: 'i10', 84: 'i20', 85: 'ignis', 86: 'innova', 87: 'jazz', 88: 'land cruiser', 89: 'omni', 90: 'ritz', 91: 's cross', 92: 'swift', 93: 'sx4', 94: 'verna', 95: 'vitara brezza', 96: 'wagon r', 97: 'xcent'}
2026-04-17 18:19:18,761 - INFO - Detected column types: {'numeric': ['year', 'selling_price', 'present_price', 'kms_driven', 'owner'], 'categorical': ['fuel_type', 'seller_type', 'transmission'], 'text': [], 'datetime': [], 'boolean': []}
2026-04-17 18:19:18,777 - INFO - Extracted features columns: ['year', 'selling_price', 'present_price', 'kms_driven', 'fuel_type_CNG', 'fuel_type_Diesel', 'fuel_type_Petrol', 'seller_type_Dealer', 'seller_type_Individual', 'transmission_Automatic', 'transmission_Manual', 'owner']
2026-04-17 18:19:40,531 - INFO - Starting dynamic data cleaning process
2026-04-17 18:19:40,586 - INFO - Dynamic data cleaning process completed successfully
2026-04-17 18:19:40,588 - INFO - Generating validation report...
2026-04-17 18:19:40,626 - DEBUG - {'shape': (299, 9), 'columns': ['car_name', 'year', 'selling_price', 'present_price', 'kms_driven', 'fuel_type', 'seller_type', 'transmission', 'owner'], 'null_counts': {'car_name': 0, 'year': 0, 'selling_price': 0, 'present_price': 0, 'kms_driven': 0, 'fuel_type': 0, 'seller_type': 0, 'transmission': 0, 'owner': 0}, 'duplicate_rows': 0, 'dtypes': {'car_name': 'object', 'year': 'float64', 'selling_price': 'float64', 'present_price': 'float64', 'kms_driven': 'float64', 'fuel_type': 'object', 'seller_type': 'object', 'transmission': 'object', 'owner': 'float64'}, 'numeric_summary': {'year': {'count': 299.0, 'mean': 2013.6555183946489, 'std': 2.773023447871607, 'min': 2006.0, '25%': 2012.0, '50%': 2014.0, '75%': 2016.0, 'max': 2018.0}, 'selling_price': {'count': 299.0, 'mean': 4.233377926421405, 'std': 3.7271056335543, 'min': 0.1, '25%': 0.8500000000000001, '50%': 3.51, '75%': 6.0, 'max': 13.725000000000001}, 'present_price': {'count': 299.0, 'mean': 7.004448160535117, 'std': 6.092973897250185, 'min': 0.32, '25%': 1.2, '50%': 6.1, '75%': 9.84, 'max': 22.8}, 'kms_driven': {'count': 299.0, 'mean': 34387.09698996656, 'std': 23819.913772791995, 'min': 500.0, '25%': 15000.0, '50%': 32000.0, '75%': 48883.5, 'max': 99708.75}, 'owner': {'count': 299.0, 'mean': 0.0, 'std': 0.0, 'min': 0.0, '25%': 0.0, '50%': 0.0, '75%': 0.0, 'max': 0.0}}, 'categorical_summary': {'car_name': {'count': 299, 'unique': 98, 'top': 'city', 'freq': 26}, 'fuel_type': {'count': 299, 'unique': 3, 'top': 'Petrol', 'freq': 239}, 'seller_type': {'count': 299, 'unique': 2, 'top': 'Dealer', 'freq': 193}, 'transmission': {'count': 299, 'unique': 2, 'top': 'Manual', 'freq': 260}}, 'datetime_summary': {}}
2026-04-17 18:19:48,091 - INFO - [Routing Decision] Cleaned status = yes
2026-04-17 18:19:48,091 - INFO - Starting query analysis
2026-04-17 18:19:49,649 - INFO - Identified ML problem type: regression
2026-04-17 18:19:49,653 - INFO - Routing decision: regression
2026-04-17 18:19:49,655 - INFO - Determining target column
2026-04-17 18:19:54,449 - WARNING - Suggested column 'The most likely target column for this ML problem is:

**'selling_price'**

***

### Regarding your question on Brand Names:

Including brand names (extracted from `car_name`) like 'Hyosung' or 'Land Cruiser' will **significantly increase the accuracy** of your model for the following reasons:

1.  **Brand Equity & Depreciation Rates:** Different brands have different depreciation curves. A luxury vehicle (like a Land Cruiser) often holds its value differently than a budget or niche brand. A model that only looks at `present_price` ignores the brand's reputation for reliability, resale value, and maintenance costs.
2.  **Market Segmentation:** 'Hyosung' (a motorcycle brand) and 'Land Cruiser' (a high-end SUV) occupy vastly different market segments. Without the brand context, the model struggles to understand why two vehicles with similar `present_price` or `kms_driven` might have vastly different `selling_price` values.
3.  **Categorical Encoding:** By using techniques like **Target Encoding** or **One-Hot Encoding** on the brand names, you allow the model to learn the "premium" or "discount" associated with specific manufacturers, which is a massive signal in used car pricing.

**Recommendation:** Instead of using the full `car_name` (which has too many unique values), extract the **Brand** (the first word of the car name) to reduce cardinality, and use that as a categorical feature.' not found in dataset. Defaulting to first column.
2026-04-17 18:19:54,449 - INFO - Chosen target column: car_name
2026-04-17 18:19:54,449 - INFO - Applied LabelEncoder to target column. Classes: ['800' 'Activa 3g' 'Activa 4g' 'Bajaj  ct 100' 'Bajaj Avenger 150'
 'Bajaj Avenger 150 street' 'Bajaj Avenger 220' 'Bajaj Avenger 220 dtsi'
 'Bajaj Avenger Street 220' 'Bajaj Discover 100' 'Bajaj Discover 125'
 'Bajaj Dominar 400' 'Bajaj Pulsar  NS 200' 'Bajaj Pulsar 135 LS'
 'Bajaj Pulsar 150' 'Bajaj Pulsar 220 F' 'Bajaj Pulsar NS 200'
 'Bajaj Pulsar RS200' 'Hero  CBZ Xtreme' 'Hero  Ignitor Disc'
 'Hero Extreme' 'Hero Glamour' 'Hero Honda CBZ extreme'
 'Hero Honda Passion Pro' 'Hero Hunk' 'Hero Passion Pro'
 'Hero Passion X pro' 'Hero Splender Plus' 'Hero Splender iSmart'
 'Hero Super Splendor' 'Honda Activa 125' 'Honda Activa 4G'
 'Honda CB Hornet 160R' 'Honda CB Shine' 'Honda CB Trigger'
 'Honda CB Unicorn' 'Honda CB twister' 'Honda CBR 150' 'Honda Dream Yuga '
 'Honda Karizma' 'Hyosung GT250R' 'KTM 390 Duke ' 'KTM RC200' 'KTM RC390'
 'Mahindra Mojo XT300' 'Royal Enfield Bullet 350'
 'Royal Enfield Classic 350' 'Royal Enfield Classic 500'
 'Royal Enfield Thunder 350' 'Royal Enfield Thunder 500'
 'Suzuki Access 125' 'TVS Apache RTR 160' 'TVS Apache RTR 180'
 'TVS Jupyter' 'TVS Sport ' 'TVS Wego' 'UM Renegade Mojave'
 'Yamaha FZ  v 2.0' 'Yamaha FZ 16' 'Yamaha FZ S ' 'Yamaha FZ S V 2.0'
 'Yamaha Fazer ' 'alto 800' 'alto k10' 'amaze' 'baleno' 'brio' 'camry'
 'ciaz' 'city' 'corolla' 'corolla altis' 'creta' 'dzire' 'elantra' 'eon'
 'ertiga' 'etios cross' 'etios g' 'etios gd' 'etios liva' 'fortuner'
 'grand i10' 'i10' 'i20' 'ignis' 'innova' 'jazz' 'land cruiser' 'omni'
 'ritz' 's cross' 'swift' 'sx4' 'verna' 'vitara brezza' 'wagon r' 'xcent']
2026-04-17 18:19:54,449 - INFO - Label mapping: {0: '800', 1: 'Activa 3g', 2: 'Activa 4g', 3: 'Bajaj  ct 100', 4: 'Bajaj Avenger 150', 5: 'Bajaj Avenger 150 street', 6: 'Bajaj Avenger 220', 7: 'Bajaj Avenger 220 dtsi', 8: 'Bajaj Avenger Street 220', 9: 'Bajaj Discover 100', 10: 'Bajaj Discover 125', 11: 'Bajaj Dominar 400', 12: 'Bajaj Pulsar  NS 200', 13: 'Bajaj Pulsar 135 LS', 14: 'Bajaj Pulsar 150', 15: 'Bajaj Pulsar 220 F', 16: 'Bajaj Pulsar NS 200', 17: 'Bajaj Pulsar RS200', 18: 'Hero  CBZ Xtreme', 19: 'Hero  Ignitor Disc', 20: 'Hero Extreme', 21: 'Hero Glamour', 22: 'Hero Honda CBZ extreme', 23: 'Hero Honda Passion Pro', 24: 'Hero Hunk', 25: 'Hero Passion Pro', 26: 'Hero Passion X pro', 27: 'Hero Splender Plus', 28: 'Hero Splender iSmart', 29: 'Hero Super Splendor', 30: 'Honda Activa 125', 31: 'Honda Activa 4G', 32: 'Honda CB Hornet 160R', 33: 'Honda CB Shine', 34: 'Honda CB Trigger', 35: 'Honda CB Unicorn', 36: 'Honda CB twister', 37: 'Honda CBR 150', 38: 'Honda Dream Yuga ', 39: 'Honda Karizma', 40: 'Hyosung GT250R', 41: 'KTM 390 Duke ', 42: 'KTM RC200', 43: 'KTM RC390', 44: 'Mahindra Mojo XT300', 45: 'Royal Enfield Bullet 350', 46: 'Royal Enfield Classic 350', 47: 'Royal Enfield Classic 500', 48: 'Royal Enfield Thunder 350', 49: 'Royal Enfield Thunder 500', 50: 'Suzuki Access 125', 51: 'TVS Apache RTR 160', 52: 'TVS Apache RTR 180', 53: 'TVS Jupyter', 54: 'TVS Sport ', 55: 'TVS Wego', 56: 'UM Renegade Mojave', 57: 'Yamaha FZ  v 2.0', 58: 'Yamaha FZ 16', 59: 'Yamaha FZ S ', 60: 'Yamaha FZ S V 2.0', 61: 'Yamaha Fazer ', 62: 'alto 800', 63: 'alto k10', 64: 'amaze', 65: 'baleno', 66: 'brio', 67: 'camry', 68: 'ciaz', 69: 'city', 70: 'corolla', 71: 'corolla altis', 72: 'creta', 73: 'dzire', 74: 'elantra', 75: 'eon', 76: 'ertiga', 77: 'etios cross', 78: 'etios g', 79: 'etios gd', 80: 'etios liva', 81: 'fortuner', 82: 'grand i10', 83: 'i10', 84: 'i20', 85: 'ignis', 86: 'innova', 87: 'jazz', 88: 'land cruiser', 89: 'omni', 90: 'ritz', 91: 's cross', 92: 'swift', 93: 'sx4', 94: 'verna', 95: 'vitara brezza', 96: 'wagon r', 97: 'xcent'}
2026-04-17 18:19:54,449 - INFO - Detected column types: {'numeric': ['year', 'selling_price', 'present_price', 'kms_driven', 'owner'], 'categorical': ['fuel_type', 'seller_type', 'transmission'], 'text': [], 'datetime': [], 'boolean': []}
2026-04-17 18:19:54,465 - INFO - Extracted features columns: ['year', 'selling_price', 'present_price', 'kms_driven', 'fuel_type_CNG', 'fuel_type_Diesel', 'fuel_type_Petrol', 'seller_type_Dealer', 'seller_type_Individual', 'transmission_Automatic', 'transmission_Manual', 'owner']
2026-04-17 18:56:16,217 - INFO - Starting dynamic data cleaning process
2026-04-17 18:56:16,257 - INFO - Dynamic data cleaning process completed successfully
2026-04-17 18:56:16,257 - INFO - Generating validation report...
2026-04-17 18:56:16,283 - DEBUG - {'shape': (299, 9), 'columns': ['car_name', 'year', 'selling_price', 'present_price', 'kms_driven', 'fuel_type', 'seller_type', 'transmission', 'owner'], 'null_counts': {'car_name': 0, 'year': 0, 'selling_price': 0, 'present_price': 0, 'kms_driven': 0, 'fuel_type': 0, 'seller_type': 0, 'transmission': 0, 'owner': 0}, 'duplicate_rows': 0, 'dtypes': {'car_name': 'object', 'year': 'float64', 'selling_price': 'float64', 'present_price': 'float64', 'kms_driven': 'float64', 'fuel_type': 'object', 'seller_type': 'object', 'transmission': 'object', 'owner': 'float64'}, 'numeric_summary': {'year': {'count': 299.0, 'mean': 2013.6555183946489, 'std': 2.773023447871607, 'min': 2006.0, '25%': 2012.0, '50%': 2014.0, '75%': 2016.0, 'max': 2018.0}, 'selling_price': {'count': 299.0, 'mean': 4.233377926421405, 'std': 3.7271056335543, 'min': 0.1, '25%': 0.8500000000000001, '50%': 3.51, '75%': 6.0, 'max': 13.725000000000001}, 'present_price': {'count': 299.0, 'mean': 7.004448160535117, 'std': 6.092973897250185, 'min': 0.32, '25%': 1.2, '50%': 6.1, '75%': 9.84, 'max': 22.8}, 'kms_driven': {'count': 299.0, 'mean': 34387.09698996656, 'std': 23819.913772791995, 'min': 500.0, '25%': 15000.0, '50%': 32000.0, '75%': 48883.5, 'max': 99708.75}, 'owner': {'count': 299.0, 'mean': 0.0, 'std': 0.0, 'min': 0.0, '25%': 0.0, '50%': 0.0, '75%': 0.0, 'max': 0.0}}, 'categorical_summary': {'car_name': {'count': 299, 'unique': 98, 'top': 'city', 'freq': 26}, 'fuel_type': {'count': 299, 'unique': 3, 'top': 'Petrol', 'freq': 239}, 'seller_type': {'count': 299, 'unique': 2, 'top': 'Dealer', 'freq': 193}, 'transmission': {'count': 299, 'unique': 2, 'top': 'Manual', 'freq': 260}}, 'datetime_summary': {}}
2026-04-17 18:56:18,831 - INFO - [Routing Decision] Cleaned status = yes
2026-04-17 18:56:18,833 - INFO - Starting query analysis
2026-04-17 18:56:25,349 - INFO - Identified ML problem type: regression
2026-04-17 18:56:25,349 - INFO - Routing decision: regression
2026-04-17 18:56:25,363 - INFO - Determining target column
2026-04-17 18:56:56,621 - WARNING - Suggested column 'The most likely target column for this ML problem is:

**'selling_price'**

***

### Regarding your question on Brand Names:

Including brand names (extracted from `car_name`) like 'Hyosung' or 'Land Cruiser' will **significantly increase the accuracy of your model**, and here is why:

1.  **Brand Equity & Depreciation:** In the automotive market, different brands have vastly different depreciation curves. A 'Land Cruiser' (Toyota) holds its value exceptionally well due to reliability, whereas some other brands may depreciate much faster. A model that only looks at `Present_Price` and `Owner` history will miss these nuances.
2.  **Categorical Nuance:** The `Present_Price` is a continuous variable, but the *brand* acts as a categorical proxy for luxury, maintenance costs, and market demand. By using the brand name, you allow the model to learn "brand-specific coefficients."
3.  **Preprocessing Tip:** Since `car_name` contains both the brand and the specific model, you should perform **feature engineering** to extract the "Brand" as a separate category. Using techniques like **Target Encoding** or **One-Hot Encoding** on the brand will help the model capture the "premium" or "budget" status of the vehicle, which is a major driver of `selling_price`.

**Conclusion:** Yes, incorporating the brand information is highly recommended. Without it, the model will struggle to differentiate between a luxury vehicle and a budget vehicle that happen to have the same `Present_Price`.' not found in dataset. Defaulting to first column.
2026-04-17 18:56:56,621 - INFO - Chosen target column: car_name
2026-04-17 18:56:56,632 - INFO - Applied LabelEncoder to target column. Classes: ['800' 'Activa 3g' 'Activa 4g' 'Bajaj  ct 100' 'Bajaj Avenger 150'
 'Bajaj Avenger 150 street' 'Bajaj Avenger 220' 'Bajaj Avenger 220 dtsi'
 'Bajaj Avenger Street 220' 'Bajaj Discover 100' 'Bajaj Discover 125'
 'Bajaj Dominar 400' 'Bajaj Pulsar  NS 200' 'Bajaj Pulsar 135 LS'
 'Bajaj Pulsar 150' 'Bajaj Pulsar 220 F' 'Bajaj Pulsar NS 200'
 'Bajaj Pulsar RS200' 'Hero  CBZ Xtreme' 'Hero  Ignitor Disc'
 'Hero Extreme' 'Hero Glamour' 'Hero Honda CBZ extreme'
 'Hero Honda Passion Pro' 'Hero Hunk' 'Hero Passion Pro'
 'Hero Passion X pro' 'Hero Splender Plus' 'Hero Splender iSmart'
 'Hero Super Splendor' 'Honda Activa 125' 'Honda Activa 4G'
 'Honda CB Hornet 160R' 'Honda CB Shine' 'Honda CB Trigger'
 'Honda CB Unicorn' 'Honda CB twister' 'Honda CBR 150' 'Honda Dream Yuga '
 'Honda Karizma' 'Hyosung GT250R' 'KTM 390 Duke ' 'KTM RC200' 'KTM RC390'
 'Mahindra Mojo XT300' 'Royal Enfield Bullet 350'
 'Royal Enfield Classic 350' 'Royal Enfield Classic 500'
 'Royal Enfield Thunder 350' 'Royal Enfield Thunder 500'
 'Suzuki Access 125' 'TVS Apache RTR 160' 'TVS Apache RTR 180'
 'TVS Jupyter' 'TVS Sport ' 'TVS Wego' 'UM Renegade Mojave'
 'Yamaha FZ  v 2.0' 'Yamaha FZ 16' 'Yamaha FZ S ' 'Yamaha FZ S V 2.0'
 'Yamaha Fazer ' 'alto 800' 'alto k10' 'amaze' 'baleno' 'brio' 'camry'
 'ciaz' 'city' 'corolla' 'corolla altis' 'creta' 'dzire' 'elantra' 'eon'
 'ertiga' 'etios cross' 'etios g' 'etios gd' 'etios liva' 'fortuner'
 'grand i10' 'i10' 'i20' 'ignis' 'innova' 'jazz' 'land cruiser' 'omni'
 'ritz' 's cross' 'swift' 'sx4' 'verna' 'vitara brezza' 'wagon r' 'xcent']
2026-04-17 18:56:56,632 - INFO - Label mapping: {0: '800', 1: 'Activa 3g', 2: 'Activa 4g', 3: 'Bajaj  ct 100', 4: 'Bajaj Avenger 150', 5: 'Bajaj Avenger 150 street', 6: 'Bajaj Avenger 220', 7: 'Bajaj Avenger 220 dtsi', 8: 'Bajaj Avenger Street 220', 9: 'Bajaj Discover 100', 10: 'Bajaj Discover 125', 11: 'Bajaj Dominar 400', 12: 'Bajaj Pulsar  NS 200', 13: 'Bajaj Pulsar 135 LS', 14: 'Bajaj Pulsar 150', 15: 'Bajaj Pulsar 220 F', 16: 'Bajaj Pulsar NS 200', 17: 'Bajaj Pulsar RS200', 18: 'Hero  CBZ Xtreme', 19: 'Hero  Ignitor Disc', 20: 'Hero Extreme', 21: 'Hero Glamour', 22: 'Hero Honda CBZ extreme', 23: 'Hero Honda Passion Pro', 24: 'Hero Hunk', 25: 'Hero Passion Pro', 26: 'Hero Passion X pro', 27: 'Hero Splender Plus', 28: 'Hero Splender iSmart', 29: 'Hero Super Splendor', 30: 'Honda Activa 125', 31: 'Honda Activa 4G', 32: 'Honda CB Hornet 160R', 33: 'Honda CB Shine', 34: 'Honda CB Trigger', 35: 'Honda CB Unicorn', 36: 'Honda CB twister', 37: 'Honda CBR 150', 38: 'Honda Dream Yuga ', 39: 'Honda Karizma', 40: 'Hyosung GT250R', 41: 'KTM 390 Duke ', 42: 'KTM RC200', 43: 'KTM RC390', 44: 'Mahindra Mojo XT300', 45: 'Royal Enfield Bullet 350', 46: 'Royal Enfield Classic 350', 47: 'Royal Enfield Classic 500', 48: 'Royal Enfield Thunder 350', 49: 'Royal Enfield Thunder 500', 50: 'Suzuki Access 125', 51: 'TVS Apache RTR 160', 52: 'TVS Apache RTR 180', 53: 'TVS Jupyter', 54: 'TVS Sport ', 55: 'TVS Wego', 56: 'UM Renegade Mojave', 57: 'Yamaha FZ  v 2.0', 58: 'Yamaha FZ 16', 59: 'Yamaha FZ S ', 60: 'Yamaha FZ S V 2.0', 61: 'Yamaha Fazer ', 62: 'alto 800', 63: 'alto k10', 64: 'amaze', 65: 'baleno', 66: 'brio', 67: 'camry', 68: 'ciaz', 69: 'city', 70: 'corolla', 71: 'corolla altis', 72: 'creta', 73: 'dzire', 74: 'elantra', 75: 'eon', 76: 'ertiga', 77: 'etios cross', 78: 'etios g', 79: 'etios gd', 80: 'etios liva', 81: 'fortuner', 82: 'grand i10', 83: 'i10', 84: 'i20', 85: 'ignis', 86: 'innova', 87: 'jazz', 88: 'land cruiser', 89: 'omni', 90: 'ritz', 91: 's cross', 92: 'swift', 93: 'sx4', 94: 'verna', 95: 'vitara brezza', 96: 'wagon r', 97: 'xcent'}
2026-04-17 18:56:56,637 - INFO - Detected column types: {'numeric': ['year', 'selling_price', 'present_price', 'kms_driven', 'owner'], 'categorical': ['fuel_type', 'seller_type', 'transmission'], 'text': [], 'datetime': [], 'boolean': []}
2026-04-17 18:56:56,642 - INFO - Extracted features columns: ['year', 'selling_price', 'present_price', 'kms_driven', 'fuel_type_CNG', 'fuel_type_Diesel', 'fuel_type_Petrol', 'seller_type_Dealer', 'seller_type_Individual', 'transmission_Automatic', 'transmission_Manual', 'owner']
2026-04-17 18:56:58,626 - INFO - Final features after LLM enhancement: ['transmission_Automatic', 'transmission_Manual', 'year', 'present_price', 'fuel_type_CNG', 'fuel_type_Diesel', 'seller_type_Individual', 'fuel_type_Petrol', 'kms_driven', 'selling_price', 'owner', 'seller_type_Dealer']
2026-04-17 18:57:00,322 - INFO - Generated ML config
2026-04-17 18:57:00,323 - INFO - Starting model fitting
2026-04-17 18:57:02,188 - DEBUG - Model training completed successfullyRandomForestRegressor(random_state=42)
2026-04-17 18:57:02,188 - INFO - Computing model metrics
2026-04-17 18:57:02,188 - DEBUG - Task type: regression
2026-04-17 18:57:02,188 - DEBUG - Evaluation data shape: (299, 12), (299,)
2026-04-17 18:57:02,195 - INFO - Metrics computed successfully: {'MAE': 2.564515050167224, 'MSE': 15.568684615384617, 'RMSE': np.float64(3.945717249801944), 'R2': 0.9762107767359572}
2026-04-17 18:57:02,195 - INFO - Generating prediction from user query
2026-04-17 18:57:02,203 - INFO - Extracted features columns: []
2026-04-17 18:57:02,203 - INFO - Aligned input shape: (1, 12)
2026-04-17 18:57:02,207 - INFO - Raw prediction: [15.21]
2026-04-17 18:57:02,207 - INFO - Final prediction result: {'question': "Using Car_Name, Present_Price, and Owner history, predict the Selling_Price. Does having a brand name like 'Hyosung' or 'Land Cruiser' significantly change the accuracy of the model?", 'inputs': {'message': "Using Car_Name, Present_Price, and Owner history, predict the Selling_Price. Does having a brand name like 'Hyosung' or 'Land Cruiser' significantly change the accuracy of the model?"}, 'prediction': 15.21}
2026-04-17 18:57:05,284 - INFO - Generated explanation for prediction
2026-04-17 18:58:32,598 - INFO - Starting dynamic data cleaning process
2026-04-17 18:58:32,634 - INFO - Dynamic data cleaning process completed successfully
2026-04-17 18:58:32,636 - INFO - Generating validation report...
2026-04-17 18:58:32,679 - DEBUG - {'shape': (299, 9), 'columns': ['car_name', 'year', 'selling_price', 'present_price', 'kms_driven', 'fuel_type', 'seller_type', 'transmission', 'owner'], 'null_counts': {'car_name': 0, 'year': 0, 'selling_price': 0, 'present_price': 0, 'kms_driven': 0, 'fuel_type': 0, 'seller_type': 0, 'transmission': 0, 'owner': 0}, 'duplicate_rows': 0, 'dtypes': {'car_name': 'object', 'year': 'float64', 'selling_price': 'float64', 'present_price': 'float64', 'kms_driven': 'float64', 'fuel_type': 'object', 'seller_type': 'object', 'transmission': 'object', 'owner': 'float64'}, 'numeric_summary': {'year': {'count': 299.0, 'mean': 2013.6555183946489, 'std': 2.773023447871607, 'min': 2006.0, '25%': 2012.0, '50%': 2014.0, '75%': 2016.0, 'max': 2018.0}, 'selling_price': {'count': 299.0, 'mean': 4.233377926421405, 'std': 3.7271056335543, 'min': 0.1, '25%': 0.8500000000000001, '50%': 3.51, '75%': 6.0, 'max': 13.725000000000001}, 'present_price': {'count': 299.0, 'mean': 7.004448160535117, 'std': 6.092973897250185, 'min': 0.32, '25%': 1.2, '50%': 6.1, '75%': 9.84, 'max': 22.8}, 'kms_driven': {'count': 299.0, 'mean': 34387.09698996656, 'std': 23819.913772791995, 'min': 500.0, '25%': 15000.0, '50%': 32000.0, '75%': 48883.5, 'max': 99708.75}, 'owner': {'count': 299.0, 'mean': 0.0, 'std': 0.0, 'min': 0.0, '25%': 0.0, '50%': 0.0, '75%': 0.0, 'max': 0.0}}, 'categorical_summary': {'car_name': {'count': 299, 'unique': 98, 'top': 'city', 'freq': 26}, 'fuel_type': {'count': 299, 'unique': 3, 'top': 'Petrol', 'freq': 239}, 'seller_type': {'count': 299, 'unique': 2, 'top': 'Dealer', 'freq': 193}, 'transmission': {'count': 299, 'unique': 2, 'top': 'Manual', 'freq': 260}}, 'datetime_summary': {}}
2026-04-17 18:58:51,044 - INFO - [Routing Decision] Cleaned status = yes
2026-04-17 18:58:51,044 - INFO - Starting query analysis
2026-04-17 18:58:54,056 - INFO - Identified ML problem type: regression
2026-04-17 18:58:54,057 - INFO - Routing decision: regression
2026-04-17 18:58:54,059 - INFO - Determining target column
2026-04-17 18:58:59,516 - INFO - Chosen target column: car_name
2026-04-17 18:58:59,516 - INFO - Applied LabelEncoder to target column. Classes: ['800' 'Activa 3g' 'Activa 4g' 'Bajaj  ct 100' 'Bajaj Avenger 150'
 'Bajaj Avenger 150 street' 'Bajaj Avenger 220' 'Bajaj Avenger 220 dtsi'
 'Bajaj Avenger Street 220' 'Bajaj Discover 100' 'Bajaj Discover 125'
 'Bajaj Dominar 400' 'Bajaj Pulsar  NS 200' 'Bajaj Pulsar 135 LS'
 'Bajaj Pulsar 150' 'Bajaj Pulsar 220 F' 'Bajaj Pulsar NS 200'
 'Bajaj Pulsar RS200' 'Hero  CBZ Xtreme' 'Hero  Ignitor Disc'
 'Hero Extreme' 'Hero Glamour' 'Hero Honda CBZ extreme'
 'Hero Honda Passion Pro' 'Hero Hunk' 'Hero Passion Pro'
 'Hero Passion X pro' 'Hero Splender Plus' 'Hero Splender iSmart'
 'Hero Super Splendor' 'Honda Activa 125' 'Honda Activa 4G'
 'Honda CB Hornet 160R' 'Honda CB Shine' 'Honda CB Trigger'
 'Honda CB Unicorn' 'Honda CB twister' 'Honda CBR 150' 'Honda Dream Yuga '
 'Honda Karizma' 'Hyosung GT250R' 'KTM 390 Duke ' 'KTM RC200' 'KTM RC390'
 'Mahindra Mojo XT300' 'Royal Enfield Bullet 350'
 'Royal Enfield Classic 350' 'Royal Enfield Classic 500'
 'Royal Enfield Thunder 350' 'Royal Enfield Thunder 500'
 'Suzuki Access 125' 'TVS Apache RTR 160' 'TVS Apache RTR 180'
 'TVS Jupyter' 'TVS Sport ' 'TVS Wego' 'UM Renegade Mojave'
 'Yamaha FZ  v 2.0' 'Yamaha FZ 16' 'Yamaha FZ S ' 'Yamaha FZ S V 2.0'
 'Yamaha Fazer ' 'alto 800' 'alto k10' 'amaze' 'baleno' 'brio' 'camry'
 'ciaz' 'city' 'corolla' 'corolla altis' 'creta' 'dzire' 'elantra' 'eon'
 'ertiga' 'etios cross' 'etios g' 'etios gd' 'etios liva' 'fortuner'
 'grand i10' 'i10' 'i20' 'ignis' 'innova' 'jazz' 'land cruiser' 'omni'
 'ritz' 's cross' 'swift' 'sx4' 'verna' 'vitara brezza' 'wagon r' 'xcent']
2026-04-17 18:58:59,516 - INFO - Label mapping: {0: '800', 1: 'Activa 3g', 2: 'Activa 4g', 3: 'Bajaj  ct 100', 4: 'Bajaj Avenger 150', 5: 'Bajaj Avenger 150 street', 6: 'Bajaj Avenger 220', 7: 'Bajaj Avenger 220 dtsi', 8: 'Bajaj Avenger Street 220', 9: 'Bajaj Discover 100', 10: 'Bajaj Discover 125', 11: 'Bajaj Dominar 400', 12: 'Bajaj Pulsar  NS 200', 13: 'Bajaj Pulsar 135 LS', 14: 'Bajaj Pulsar 150', 15: 'Bajaj Pulsar 220 F', 16: 'Bajaj Pulsar NS 200', 17: 'Bajaj Pulsar RS200', 18: 'Hero  CBZ Xtreme', 19: 'Hero  Ignitor Disc', 20: 'Hero Extreme', 21: 'Hero Glamour', 22: 'Hero Honda CBZ extreme', 23: 'Hero Honda Passion Pro', 24: 'Hero Hunk', 25: 'Hero Passion Pro', 26: 'Hero Passion X pro', 27: 'Hero Splender Plus', 28: 'Hero Splender iSmart', 29: 'Hero Super Splendor', 30: 'Honda Activa 125', 31: 'Honda Activa 4G', 32: 'Honda CB Hornet 160R', 33: 'Honda CB Shine', 34: 'Honda CB Trigger', 35: 'Honda CB Unicorn', 36: 'Honda CB twister', 37: 'Honda CBR 150', 38: 'Honda Dream Yuga ', 39: 'Honda Karizma', 40: 'Hyosung GT250R', 41: 'KTM 390 Duke ', 42: 'KTM RC200', 43: 'KTM RC390', 44: 'Mahindra Mojo XT300', 45: 'Royal Enfield Bullet 350', 46: 'Royal Enfield Classic 350', 47: 'Royal Enfield Classic 500', 48: 'Royal Enfield Thunder 350', 49: 'Royal Enfield Thunder 500', 50: 'Suzuki Access 125', 51: 'TVS Apache RTR 160', 52: 'TVS Apache RTR 180', 53: 'TVS Jupyter', 54: 'TVS Sport ', 55: 'TVS Wego', 56: 'UM Renegade Mojave', 57: 'Yamaha FZ  v 2.0', 58: 'Yamaha FZ 16', 59: 'Yamaha FZ S ', 60: 'Yamaha FZ S V 2.0', 61: 'Yamaha Fazer ', 62: 'alto 800', 63: 'alto k10', 64: 'amaze', 65: 'baleno', 66: 'brio', 67: 'camry', 68: 'ciaz', 69: 'city', 70: 'corolla', 71: 'corolla altis', 72: 'creta', 73: 'dzire', 74: 'elantra', 75: 'eon', 76: 'ertiga', 77: 'etios cross', 78: 'etios g', 79: 'etios gd', 80: 'etios liva', 81: 'fortuner', 82: 'grand i10', 83: 'i10', 84: 'i20', 85: 'ignis', 86: 'innova', 87: 'jazz', 88: 'land cruiser', 89: 'omni', 90: 'ritz', 91: 's cross', 92: 'swift', 93: 'sx4', 94: 'verna', 95: 'vitara brezza', 96: 'wagon r', 97: 'xcent'}
2026-04-17 18:58:59,516 - INFO - Detected column types: {'numeric': ['year', 'selling_price', 'present_price', 'kms_driven', 'owner'], 'categorical': ['fuel_type', 'seller_type', 'transmission'], 'text': [], 'datetime': [], 'boolean': []}
2026-04-17 18:58:59,529 - INFO - Extracted features columns: ['year', 'selling_price', 'present_price', 'kms_driven', 'fuel_type_CNG', 'fuel_type_Diesel', 'fuel_type_Petrol', 'seller_type_Dealer', 'seller_type_Individual', 'transmission_Automatic', 'transmission_Manual', 'owner']
2026-04-17 18:59:02,569 - INFO - Final features after LLM enhancement: ['transmission_Automatic', 'transmission_Manual', 'year', 'present_price', 'fuel_type_CNG', 'fuel_type_Diesel', 'seller_type_Individual', 'fuel_type_Petrol', 'kms_driven', 'selling_price', 'seller_type_Dealer']
2026-04-17 18:59:03,985 - INFO - Generated ML config
2026-04-17 18:59:03,986 - INFO - Starting model fitting
2026-04-17 18:59:05,449 - DEBUG - Model training completed successfullyRandomForestRegressor(random_state=42)
2026-04-17 18:59:05,449 - INFO - Computing model metrics
2026-04-17 18:59:05,449 - DEBUG - Task type: regression
2026-04-17 18:59:05,449 - DEBUG - Evaluation data shape: (299, 11), (299,)
2026-04-17 18:59:05,459 - INFO - Metrics computed successfully: {'MAE': 2.557123745819398, 'MSE': 15.627720401337793, 'RMSE': np.float64(3.953191166809138), 'R2': 0.9761205690191652}
2026-04-17 18:59:05,459 - INFO - Generating prediction from user query
2026-04-17 18:59:05,459 - INFO - Extracted features columns: []
2026-04-17 18:59:05,465 - INFO - Aligned input shape: (1, 11)
2026-04-17 18:59:05,471 - INFO - Raw prediction: [14.59]
2026-04-17 18:59:05,472 - INFO - Final prediction result: {'question': "Based on historical data, predict the Selling_Price for a 2015 'Royal Enfield Classic 350' with 10,000kms. Compare this to the predicted value of a 2012 'Honda City' with 50,000kms. Explain which vehicle maintains better value relative to its Present_Price", 'inputs': {'message': "Based on historical data, predict the Selling_Price for a 2015 'Royal Enfield Classic 350' with 10,000kms. Compare this to the predicted value of a 2012 'Honda City' with 50,000kms. Explain which vehicle maintains better value relative to its Present_Price"}, 'prediction': 14.59}
2026-04-17 18:59:07,624 - INFO - Generated explanation for prediction
2026-04-17 19:01:39,911 - INFO - Starting dynamic data cleaning process
2026-04-17 19:01:39,953 - INFO - Dynamic data cleaning process completed successfully
2026-04-17 19:01:39,955 - INFO - Generating validation report...
2026-04-17 19:01:39,990 - DEBUG - {'shape': (299, 9), 'columns': ['car_name', 'year', 'selling_price', 'present_price', 'kms_driven', 'fuel_type', 'seller_type', 'transmission', 'owner'], 'null_counts': {'car_name': 0, 'year': 0, 'selling_price': 0, 'present_price': 0, 'kms_driven': 0, 'fuel_type': 0, 'seller_type': 0, 'transmission': 0, 'owner': 0}, 'duplicate_rows': 0, 'dtypes': {'car_name': 'object', 'year': 'float64', 'selling_price': 'float64', 'present_price': 'float64', 'kms_driven': 'float64', 'fuel_type': 'object', 'seller_type': 'object', 'transmission': 'object', 'owner': 'float64'}, 'numeric_summary': {'year': {'count': 299.0, 'mean': 2013.6555183946489, 'std': 2.773023447871607, 'min': 2006.0, '25%': 2012.0, '50%': 2014.0, '75%': 2016.0, 'max': 2018.0}, 'selling_price': {'count': 299.0, 'mean': 4.233377926421405, 'std': 3.7271056335543, 'min': 0.1, '25%': 0.8500000000000001, '50%': 3.51, '75%': 6.0, 'max': 13.725000000000001}, 'present_price': {'count': 299.0, 'mean': 7.004448160535117, 'std': 6.092973897250185, 'min': 0.32, '25%': 1.2, '50%': 6.1, '75%': 9.84, 'max': 22.8}, 'kms_driven': {'count': 299.0, 'mean': 34387.09698996656, 'std': 23819.913772791995, 'min': 500.0, '25%': 15000.0, '50%': 32000.0, '75%': 48883.5, 'max': 99708.75}, 'owner': {'count': 299.0, 'mean': 0.0, 'std': 0.0, 'min': 0.0, '25%': 0.0, '50%': 0.0, '75%': 0.0, 'max': 0.0}}, 'categorical_summary': {'car_name': {'count': 299, 'unique': 98, 'top': 'city', 'freq': 26}, 'fuel_type': {'count': 299, 'unique': 3, 'top': 'Petrol', 'freq': 239}, 'seller_type': {'count': 299, 'unique': 2, 'top': 'Dealer', 'freq': 193}, 'transmission': {'count': 299, 'unique': 2, 'top': 'Manual', 'freq': 260}}, 'datetime_summary': {}}
2026-04-17 19:01:46,558 - INFO - [Routing Decision] Cleaned status = yes
2026-04-17 19:01:46,559 - INFO - Starting query analysis
2026-04-17 19:01:59,553 - INFO - Identified ML problem type: clustering
2026-04-17 19:01:59,565 - INFO - Routing decision: clustering
2026-04-17 19:02:03,133 - INFO - Selected features: ['present_price', 'kms_driven']
2026-04-17 19:02:05,801 - INFO - K=2, silhouette score=0.4071
2026-04-17 19:02:05,809 - INFO - K=3, silhouette score=0.3797
2026-04-17 19:02:05,820 - INFO - K=4, silhouette score=0.4119
2026-04-17 19:02:05,830 - INFO - K=5, silhouette score=0.3525
2026-04-17 19:02:05,841 - INFO - K=6, silhouette score=0.3672
2026-04-17 19:02:05,854 - INFO - K=7, silhouette score=0.3992
2026-04-17 19:02:05,869 - INFO - K=8, silhouette score=0.3951
2026-04-17 19:02:05,882 - INFO - K=9, silhouette score=0.3999
2026-04-17 19:02:05,896 - INFO - K=10, silhouette score=0.3865
2026-04-17 19:02:05,911 - INFO - Final clustering done with k=4, labels attached to df
2026-04-17 19:02:09,696 - INFO - LLM generated visualization code successfully.
2026-04-17 19:05:27,948 - INFO - Starting dynamic data cleaning process
2026-04-17 19:05:27,978 - INFO - Dynamic data cleaning process completed successfully
2026-04-17 19:05:27,979 - INFO - Generating validation report...
2026-04-17 19:05:28,010 - DEBUG - {'shape': (299, 9), 'columns': ['car_name', 'year', 'selling_price', 'present_price', 'kms_driven', 'fuel_type', 'seller_type', 'transmission', 'owner'], 'null_counts': {'car_name': 0, 'year': 0, 'selling_price': 0, 'present_price': 0, 'kms_driven': 0, 'fuel_type': 0, 'seller_type': 0, 'transmission': 0, 'owner': 0}, 'duplicate_rows': 0, 'dtypes': {'car_name': 'object', 'year': 'float64', 'selling_price': 'float64', 'present_price': 'float64', 'kms_driven': 'float64', 'fuel_type': 'object', 'seller_type': 'object', 'transmission': 'object', 'owner': 'float64'}, 'numeric_summary': {'year': {'count': 299.0, 'mean': 2013.6555183946489, 'std': 2.773023447871607, 'min': 2006.0, '25%': 2012.0, '50%': 2014.0, '75%': 2016.0, 'max': 2018.0}, 'selling_price': {'count': 299.0, 'mean': 4.233377926421405, 'std': 3.7271056335543, 'min': 0.1, '25%': 0.8500000000000001, '50%': 3.51, '75%': 6.0, 'max': 13.725000000000001}, 'present_price': {'count': 299.0, 'mean': 7.004448160535117, 'std': 6.092973897250185, 'min': 0.32, '25%': 1.2, '50%': 6.1, '75%': 9.84, 'max': 22.8}, 'kms_driven': {'count': 299.0, 'mean': 34387.09698996656, 'std': 23819.913772791995, 'min': 500.0, '25%': 15000.0, '50%': 32000.0, '75%': 48883.5, 'max': 99708.75}, 'owner': {'count': 299.0, 'mean': 0.0, 'std': 0.0, 'min': 0.0, '25%': 0.0, '50%': 0.0, '75%': 0.0, 'max': 0.0}}, 'categorical_summary': {'car_name': {'count': 299, 'unique': 98, 'top': 'city', 'freq': 26}, 'fuel_type': {'count': 299, 'unique': 3, 'top': 'Petrol', 'freq': 239}, 'seller_type': {'count': 299, 'unique': 2, 'top': 'Dealer', 'freq': 193}, 'transmission': {'count': 299, 'unique': 2, 'top': 'Manual', 'freq': 260}}, 'datetime_summary': {}}
2026-04-17 19:05:45,097 - INFO - [Routing Decision] Cleaned status = yes
2026-04-17 19:05:45,097 - INFO - Starting query analysis
2026-04-17 19:05:59,161 - INFO - Identified ML problem type: clustering
2026-04-17 19:05:59,163 - INFO - Routing decision: clustering
2026-04-17 19:06:00,291 - INFO - Selected features: ['present_price', 'kms_driven']
2026-04-17 19:06:00,311 - INFO - K=2, silhouette score=0.4071
2026-04-17 19:06:00,328 - INFO - K=3, silhouette score=0.3797
2026-04-17 19:06:00,346 - INFO - K=4, silhouette score=0.4119
2026-04-17 19:06:00,362 - INFO - K=5, silhouette score=0.3525
2026-04-17 19:06:00,377 - INFO - K=6, silhouette score=0.3672
2026-04-17 19:06:00,398 - INFO - K=7, silhouette score=0.3992
2026-04-17 19:06:00,419 - INFO - K=8, silhouette score=0.3951
2026-04-17 19:06:00,436 - INFO - K=9, silhouette score=0.3999
2026-04-17 19:06:00,454 - INFO - K=10, silhouette score=0.3865
2026-04-17 19:06:00,473 - INFO - Final clustering done with k=4, labels attached to df
2026-04-17 19:06:03,473 - INFO - LLM generated visualization code successfully.
2026-04-17 19:06:15,397 - INFO - Profile Interpretation Generated
2026-04-19 15:20:30,706 - INFO - Starting dynamic data cleaning process
2026-04-19 15:20:30,756 - INFO - Dynamic data cleaning process completed successfully
2026-04-19 15:20:30,756 - INFO - Generating validation report...
2026-04-19 15:20:30,780 - DEBUG - {'shape': (768, 9), 'columns': ['pregnancies', 'glucose', 'bloodpressure', 'skinthickness', 'insulin', 'bmi', 'diabetespedigreefunction', 'age', 'outcome'], 'null_counts': {'pregnancies': 0, 'glucose': 0, 'bloodpressure': 0, 'skinthickness': 0, 'insulin': 0, 'bmi': 0, 'diabetespedigreefunction': 0, 'age': 0, 'outcome': 0}, 'duplicate_rows': 0, 'dtypes': {'pregnancies': 'float64', 'glucose': 'float64', 'bloodpressure': 'float64', 'skinthickness': 'float64', 'insulin': 'float64', 'bmi': 'float64', 'diabetespedigreefunction': 'float64', 'age': 'float64', 'outcome': 'float64'}, 'numeric_summary': {'pregnancies': {'count': 768.0, 'mean': 3.8372395833333335, 'std': 3.34415658181527, 'min': 0.0, '25%': 1.0, '50%': 3.0, '75%': 6.0, 'max': 13.5}, 'glucose': {'count': 768.0, 'mean': 121.13623046875, 'std': 31.18746833652051, 'min': 37.125, '25%': 99.0, '50%': 117.0, '75%': 140.25, 'max': 199.0}, 'bloodpressure': {'count': 768.0, 'mean': 70.68489583333333, 'std': 14.197239057649936, 'min': 35.0, '25%': 62.0, '50%': 72.0, '75%': 80.0, 'max': 107.0}, 'skinthickness': {'count': 768.0, 'mean': 20.51171875, 'std': 15.844744399116626, 'min': 0.0, '25%': 0.0, '50%': 23.0, '75%': 32.0, 'max': 80.0}, 'insulin': {'count': 768.0, 'mean': 73.65266927083333, 'std': 93.57602853856773, 'min': 0.0, '25%': 0.0, '50%': 30.5, '75%': 127.25, 'max': 318.125}, 'bmi': {'count': 768.0, 'mean': 32.125065104166666, 'std': 7.049583655930462, 'min': 13.35, '25%': 27.3, '50%': 32.0, '75%': 36.6, 'max': 50.550000000000004}, 'diabetespedigreefunction': {'count': 768.0, 'mean': 0.45891406250000005, 'std': 0.2855963187309199, 'min': 0.078, '25%': 0.24375, '50%': 0.3725, '75%': 0.62625, 'max': 1.2}, 'age': {'count': 768.0, 'mean': 33.199869791666664, 'std': 11.62840394638317, 'min': 21.0, '25%': 24.0, '50%': 29.0, '75%': 41.0, 'max': 66.5}, 'outcome': {'count': 768.0, 'mean': 0.3489583333333333, 'std': 0.47695137724279896, 'min': 0.0, '25%': 0.0, '50%': 0.0, '75%': 1.0, 'max': 1.0}}, 'categorical_summary': {}, 'datetime_summary': {}}
2026-04-19 15:20:46,279 - INFO - Starting dynamic data cleaning process
2026-04-19 15:20:46,316 - INFO - Dynamic data cleaning process completed successfully
2026-04-19 15:20:46,318 - INFO - Generating validation report...
2026-04-19 15:20:46,345 - DEBUG - {'shape': (768, 9), 'columns': ['pregnancies', 'glucose', 'bloodpressure', 'skinthickness', 'insulin', 'bmi', 'diabetespedigreefunction', 'age', 'outcome'], 'null_counts': {'pregnancies': 0, 'glucose': 0, 'bloodpressure': 0, 'skinthickness': 0, 'insulin': 0, 'bmi': 0, 'diabetespedigreefunction': 0, 'age': 0, 'outcome': 0}, 'duplicate_rows': 0, 'dtypes': {'pregnancies': 'float64', 'glucose': 'float64', 'bloodpressure': 'float64', 'skinthickness': 'float64', 'insulin': 'float64', 'bmi': 'float64', 'diabetespedigreefunction': 'float64', 'age': 'float64', 'outcome': 'float64'}, 'numeric_summary': {'pregnancies': {'count': 768.0, 'mean': 3.8372395833333335, 'std': 3.34415658181527, 'min': 0.0, '25%': 1.0, '50%': 3.0, '75%': 6.0, 'max': 13.5}, 'glucose': {'count': 768.0, 'mean': 121.13623046875, 'std': 31.18746833652051, 'min': 37.125, '25%': 99.0, '50%': 117.0, '75%': 140.25, 'max': 199.0}, 'bloodpressure': {'count': 768.0, 'mean': 70.68489583333333, 'std': 14.197239057649936, 'min': 35.0, '25%': 62.0, '50%': 72.0, '75%': 80.0, 'max': 107.0}, 'skinthickness': {'count': 768.0, 'mean': 20.51171875, 'std': 15.844744399116626, 'min': 0.0, '25%': 0.0, '50%': 23.0, '75%': 32.0, 'max': 80.0}, 'insulin': {'count': 768.0, 'mean': 73.65266927083333, 'std': 93.57602853856773, 'min': 0.0, '25%': 0.0, '50%': 30.5, '75%': 127.25, 'max': 318.125}, 'bmi': {'count': 768.0, 'mean': 32.125065104166666, 'std': 7.049583655930462, 'min': 13.35, '25%': 27.3, '50%': 32.0, '75%': 36.6, 'max': 50.550000000000004}, 'diabetespedigreefunction': {'count': 768.0, 'mean': 0.45891406250000005, 'std': 0.2855963187309199, 'min': 0.078, '25%': 0.24375, '50%': 0.3725, '75%': 0.62625, 'max': 1.2}, 'age': {'count': 768.0, 'mean': 33.199869791666664, 'std': 11.62840394638317, 'min': 21.0, '25%': 24.0, '50%': 29.0, '75%': 41.0, 'max': 66.5}, 'outcome': {'count': 768.0, 'mean': 0.3489583333333333, 'std': 0.47695137724279896, 'min': 0.0, '25%': 0.0, '50%': 0.0, '75%': 1.0, 'max': 1.0}}, 'categorical_summary': {}, 'datetime_summary': {}}
2026-04-19 15:20:53,756 - INFO - [Routing Decision] Cleaned status = yes
2026-04-19 15:20:53,756 - INFO - Starting query analysis
2026-04-19 15:20:57,114 - INFO - Identified ML problem type: regression
2026-04-19 15:20:57,129 - INFO - Routing decision: regression
2026-04-19 15:20:57,129 - INFO - Determining target column
2026-04-19 15:20:58,134 - WARNING - Suggested column ''bmi'' not found in dataset. Defaulting to first column.
2026-04-19 15:20:58,134 - INFO - Chosen target column: pregnancies
2026-04-19 15:20:58,134 - INFO - Detected column types: {'numeric': ['glucose', 'bloodpressure', 'skinthickness', 'insulin', 'bmi', 'diabetespedigreefunction', 'age', 'outcome'], 'categorical': [], 'text': [], 'datetime': [], 'boolean': []}
2026-04-19 15:20:58,143 - INFO - Extracted features columns: ['glucose', 'bloodpressure', 'skinthickness', 'insulin', 'bmi', 'diabetespedigreefunction', 'age', 'outcome']
2026-04-19 15:20:59,425 - INFO - Final features after LLM enhancement: ['glucose', 'skinthickness', 'bloodpressure', 'diabetespedigreefunction', 'age', 'insulin', 'outcome', 'bmi']
2026-04-19 15:21:00,688 - INFO - Generated ML config
2026-04-19 15:21:00,690 - INFO - Starting model fitting
2026-04-19 15:21:02,904 - DEBUG - Model training completed successfullyRandomForestRegressor(max_depth=10)
2026-04-19 15:21:02,905 - INFO - Computing model metrics
2026-04-19 15:21:02,905 - DEBUG - Task type: regression
2026-04-19 15:21:02,906 - DEBUG - Evaluation data shape: (768, 8), (768,)
2026-04-19 15:21:02,916 - INFO - Metrics computed successfully: {'MAE': 0.9702372173449333, 'MSE': 1.715189816953404, 'RMSE': np.float64(1.3096525558152452), 'R2': 0.846430546878066}
2026-04-19 15:21:02,917 - INFO - Generating prediction from user query
2026-04-19 15:21:02,917 - INFO - Extracted features columns: []
2026-04-19 15:21:02,919 - INFO - Aligned input shape: (1, 8)
2026-04-19 15:21:02,923 - INFO - Raw prediction: [1.78045309]
2026-04-19 15:21:02,923 - INFO - Final prediction result: {'question': 'Predict the BMI of a patient based on their Age, Glucose level, and Blood Pressure.', 'inputs': {'message': 'Predict the BMI of a patient based on their Age, Glucose level, and Blood Pressure.'}, 'prediction': 1.7804530852289475}
2026-04-19 15:21:04,681 - INFO - Generated explanation for prediction
2026-04-19 15:22:21,323 - INFO - Starting dynamic data cleaning process
2026-04-19 15:22:21,342 - INFO - Dynamic data cleaning process completed successfully
2026-04-19 15:22:21,343 - INFO - Generating validation report...
2026-04-19 15:22:21,369 - DEBUG - {'shape': (768, 9), 'columns': ['pregnancies', 'glucose', 'bloodpressure', 'skinthickness', 'insulin', 'bmi', 'diabetespedigreefunction', 'age', 'outcome'], 'null_counts': {'pregnancies': 0, 'glucose': 0, 'bloodpressure': 0, 'skinthickness': 0, 'insulin': 0, 'bmi': 0, 'diabetespedigreefunction': 0, 'age': 0, 'outcome': 0}, 'duplicate_rows': 0, 'dtypes': {'pregnancies': 'float64', 'glucose': 'float64', 'bloodpressure': 'float64', 'skinthickness': 'float64', 'insulin': 'float64', 'bmi': 'float64', 'diabetespedigreefunction': 'float64', 'age': 'float64', 'outcome': 'float64'}, 'numeric_summary': {'pregnancies': {'count': 768.0, 'mean': 3.8372395833333335, 'std': 3.34415658181527, 'min': 0.0, '25%': 1.0, '50%': 3.0, '75%': 6.0, 'max': 13.5}, 'glucose': {'count': 768.0, 'mean': 121.13623046875, 'std': 31.18746833652051, 'min': 37.125, '25%': 99.0, '50%': 117.0, '75%': 140.25, 'max': 199.0}, 'bloodpressure': {'count': 768.0, 'mean': 70.68489583333333, 'std': 14.197239057649936, 'min': 35.0, '25%': 62.0, '50%': 72.0, '75%': 80.0, 'max': 107.0}, 'skinthickness': {'count': 768.0, 'mean': 20.51171875, 'std': 15.844744399116626, 'min': 0.0, '25%': 0.0, '50%': 23.0, '75%': 32.0, 'max': 80.0}, 'insulin': {'count': 768.0, 'mean': 73.65266927083333, 'std': 93.57602853856773, 'min': 0.0, '25%': 0.0, '50%': 30.5, '75%': 127.25, 'max': 318.125}, 'bmi': {'count': 768.0, 'mean': 32.125065104166666, 'std': 7.049583655930462, 'min': 13.35, '25%': 27.3, '50%': 32.0, '75%': 36.6, 'max': 50.550000000000004}, 'diabetespedigreefunction': {'count': 768.0, 'mean': 0.45891406250000005, 'std': 0.2855963187309199, 'min': 0.078, '25%': 0.24375, '50%': 0.3725, '75%': 0.62625, 'max': 1.2}, 'age': {'count': 768.0, 'mean': 33.199869791666664, 'std': 11.62840394638317, 'min': 21.0, '25%': 24.0, '50%': 29.0, '75%': 41.0, 'max': 66.5}, 'outcome': {'count': 768.0, 'mean': 0.3489583333333333, 'std': 0.47695137724279896, 'min': 0.0, '25%': 0.0, '50%': 0.0, '75%': 1.0, 'max': 1.0}}, 'categorical_summary': {}, 'datetime_summary': {}}
2026-04-19 15:22:22,691 - INFO - [Routing Decision] Cleaned status = yes
2026-04-19 15:22:22,693 - INFO - Starting query analysis
2026-04-19 15:22:24,110 - INFO - Identified ML problem type: regression
2026-04-19 15:22:24,110 - INFO - Routing decision: regression
2026-04-19 15:22:24,112 - INFO - Determining target column
2026-04-19 15:22:25,102 - WARNING - Suggested column 'The most likely target column for a machine learning model using this specific dataset (the Pima Indians Diabetes Dataset) is **'outcome'**, as the primary objective of this dataset is typically to predict the presence or absence of diabetes.' not found in dataset. Defaulting to first column.
2026-04-19 15:22:25,102 - INFO - Chosen target column: pregnancies
2026-04-19 15:22:25,104 - INFO - Detected column types: {'numeric': ['glucose', 'bloodpressure', 'skinthickness', 'insulin', 'bmi', 'diabetespedigreefunction', 'age', 'outcome'], 'categorical': [], 'text': [], 'datetime': [], 'boolean': []}
2026-04-19 15:22:25,108 - INFO - Extracted features columns: ['glucose', 'bloodpressure', 'skinthickness', 'insulin', 'bmi', 'diabetespedigreefunction', 'age', 'outcome']
2026-04-19 15:22:26,856 - INFO - Final features after LLM enhancement: ['glucose', 'skinthickness', 'bloodpressure', 'diabetespedigreefunction', 'age', 'insulin', 'outcome', 'bmi']
2026-04-19 15:22:42,846 - INFO - Generated ML config
2026-04-19 15:22:42,847 - INFO - Starting model fitting
2026-04-19 15:22:50,824 - DEBUG - Model training completed successfullyRandomForestRegressor()
2026-04-19 15:22:50,824 - INFO - Computing model metrics
2026-04-19 15:22:50,825 - DEBUG - Task type: regression
2026-04-19 15:22:50,825 - DEBUG - Evaluation data shape: (768, 8), (768,)
2026-04-19 15:22:50,839 - INFO - Metrics computed successfully: {'MAE': 0.73189453125, 'MSE': 0.97987998046875, 'RMSE': np.float64(0.9898888727876226), 'R2': 0.9122664843049232}
2026-04-19 15:22:50,839 - INFO - Generating prediction from user query
2026-04-19 15:22:50,840 - INFO - Extracted features columns: []
2026-04-19 15:22:50,841 - INFO - Aligned input shape: (1, 8)
2026-04-19 15:22:50,843 - INFO - Raw prediction: [1.68]
2026-04-19 15:22:50,843 - INFO - Final prediction result: {'question': 'Predict the BMI for a 24-year-old with 90 Glucose and 70 Blood Pressure.', 'inputs': {'message': 'Predict the BMI for a 24-year-old with 90 Glucose and 70 Blood Pressure.'}, 'prediction': 1.68}
2026-04-19 15:22:52,218 - INFO - Generated explanation for prediction
2026-04-19 15:24:04,654 - INFO - Starting dynamic data cleaning process
2026-04-19 15:24:04,686 - INFO - Dynamic data cleaning process completed successfully
2026-04-19 15:24:04,687 - INFO - Generating validation report...
2026-04-19 15:24:04,725 - DEBUG - {'shape': (768, 9), 'columns': ['pregnancies', 'glucose', 'bloodpressure', 'skinthickness', 'insulin', 'bmi', 'diabetespedigreefunction', 'age', 'outcome'], 'null_counts': {'pregnancies': 0, 'glucose': 0, 'bloodpressure': 0, 'skinthickness': 0, 'insulin': 0, 'bmi': 0, 'diabetespedigreefunction': 0, 'age': 0, 'outcome': 0}, 'duplicate_rows': 0, 'dtypes': {'pregnancies': 'float64', 'glucose': 'float64', 'bloodpressure': 'float64', 'skinthickness': 'float64', 'insulin': 'float64', 'bmi': 'float64', 'diabetespedigreefunction': 'float64', 'age': 'float64', 'outcome': 'float64'}, 'numeric_summary': {'pregnancies': {'count': 768.0, 'mean': 3.8372395833333335, 'std': 3.34415658181527, 'min': 0.0, '25%': 1.0, '50%': 3.0, '75%': 6.0, 'max': 13.5}, 'glucose': {'count': 768.0, 'mean': 121.13623046875, 'std': 31.18746833652051, 'min': 37.125, '25%': 99.0, '50%': 117.0, '75%': 140.25, 'max': 199.0}, 'bloodpressure': {'count': 768.0, 'mean': 70.68489583333333, 'std': 14.197239057649936, 'min': 35.0, '25%': 62.0, '50%': 72.0, '75%': 80.0, 'max': 107.0}, 'skinthickness': {'count': 768.0, 'mean': 20.51171875, 'std': 15.844744399116626, 'min': 0.0, '25%': 0.0, '50%': 23.0, '75%': 32.0, 'max': 80.0}, 'insulin': {'count': 768.0, 'mean': 73.65266927083333, 'std': 93.57602853856773, 'min': 0.0, '25%': 0.0, '50%': 30.5, '75%': 127.25, 'max': 318.125}, 'bmi': {'count': 768.0, 'mean': 32.125065104166666, 'std': 7.049583655930462, 'min': 13.35, '25%': 27.3, '50%': 32.0, '75%': 36.6, 'max': 50.550000000000004}, 'diabetespedigreefunction': {'count': 768.0, 'mean': 0.45891406250000005, 'std': 0.2855963187309199, 'min': 0.078, '25%': 0.24375, '50%': 0.3725, '75%': 0.62625, 'max': 1.2}, 'age': {'count': 768.0, 'mean': 33.199869791666664, 'std': 11.62840394638317, 'min': 21.0, '25%': 24.0, '50%': 29.0, '75%': 41.0, 'max': 66.5}, 'outcome': {'count': 768.0, 'mean': 0.3489583333333333, 'std': 0.47695137724279896, 'min': 0.0, '25%': 0.0, '50%': 0.0, '75%': 1.0, 'max': 1.0}}, 'categorical_summary': {}, 'datetime_summary': {}}
2026-04-19 15:24:05,545 - INFO - [Routing Decision] Cleaned status = yes
2026-04-19 15:24:05,547 - INFO - Starting query analysis
2026-04-19 15:24:07,019 - INFO - Identified ML problem type: classification
2026-04-19 15:24:07,020 - INFO - Routing decision: classification
2026-04-19 15:24:07,021 - INFO - Determining target column
2026-04-19 15:24:08,502 - WARNING - Suggested column ''outcome'' not found in dataset. Defaulting to first column.
2026-04-19 15:24:08,502 - INFO - Chosen target column: pregnancies
2026-04-19 15:24:08,503 - INFO - Detected column types: {'numeric': ['glucose', 'bloodpressure', 'skinthickness', 'insulin', 'bmi', 'diabetespedigreefunction', 'age', 'outcome'], 'categorical': [], 'text': [], 'datetime': [], 'boolean': []}
2026-04-19 15:24:08,506 - INFO - Extracted features columns: ['glucose', 'bloodpressure', 'skinthickness', 'insulin', 'bmi', 'diabetespedigreefunction', 'age', 'outcome']
2026-04-19 15:24:09,299 - INFO - Final features after LLM enhancement: ['glucose', 'skinthickness', 'bloodpressure', 'diabetespedigreefunction', 'age', 'insulin', 'outcome', 'bmi']
2026-04-19 15:24:10,782 - INFO - Generated ML config
2026-04-19 15:24:10,783 - INFO - Starting model fitting
2026-04-19 15:24:12,670 - ERROR - Error during model fitting: Unknown label type: continuous. Maybe you are trying to fit a classifier, which expects discrete classes on a regression target with continuous values.
2026-04-19 15:25:06,020 - INFO - Starting dynamic data cleaning process
2026-04-19 15:25:06,076 - INFO - Dynamic data cleaning process completed successfully
2026-04-19 15:25:06,077 - INFO - Generating validation report...
2026-04-19 15:25:06,110 - DEBUG - {'shape': (768, 9), 'columns': ['pregnancies', 'glucose', 'bloodpressure', 'skinthickness', 'insulin', 'bmi', 'diabetespedigreefunction', 'age', 'outcome'], 'null_counts': {'pregnancies': 0, 'glucose': 0, 'bloodpressure': 0, 'skinthickness': 0, 'insulin': 0, 'bmi': 0, 'diabetespedigreefunction': 0, 'age': 0, 'outcome': 0}, 'duplicate_rows': 0, 'dtypes': {'pregnancies': 'float64', 'glucose': 'float64', 'bloodpressure': 'float64', 'skinthickness': 'float64', 'insulin': 'float64', 'bmi': 'float64', 'diabetespedigreefunction': 'float64', 'age': 'float64', 'outcome': 'float64'}, 'numeric_summary': {'pregnancies': {'count': 768.0, 'mean': 3.8372395833333335, 'std': 3.34415658181527, 'min': 0.0, '25%': 1.0, '50%': 3.0, '75%': 6.0, 'max': 13.5}, 'glucose': {'count': 768.0, 'mean': 121.13623046875, 'std': 31.18746833652051, 'min': 37.125, '25%': 99.0, '50%': 117.0, '75%': 140.25, 'max': 199.0}, 'bloodpressure': {'count': 768.0, 'mean': 70.68489583333333, 'std': 14.197239057649936, 'min': 35.0, '25%': 62.0, '50%': 72.0, '75%': 80.0, 'max': 107.0}, 'skinthickness': {'count': 768.0, 'mean': 20.51171875, 'std': 15.844744399116626, 'min': 0.0, '25%': 0.0, '50%': 23.0, '75%': 32.0, 'max': 80.0}, 'insulin': {'count': 768.0, 'mean': 73.65266927083333, 'std': 93.57602853856773, 'min': 0.0, '25%': 0.0, '50%': 30.5, '75%': 127.25, 'max': 318.125}, 'bmi': {'count': 768.0, 'mean': 32.125065104166666, 'std': 7.049583655930462, 'min': 13.35, '25%': 27.3, '50%': 32.0, '75%': 36.6, 'max': 50.550000000000004}, 'diabetespedigreefunction': {'count': 768.0, 'mean': 0.45891406250000005, 'std': 0.2855963187309199, 'min': 0.078, '25%': 0.24375, '50%': 0.3725, '75%': 0.62625, 'max': 1.2}, 'age': {'count': 768.0, 'mean': 33.199869791666664, 'std': 11.62840394638317, 'min': 21.0, '25%': 24.0, '50%': 29.0, '75%': 41.0, 'max': 66.5}, 'outcome': {'count': 768.0, 'mean': 0.3489583333333333, 'std': 0.47695137724279896, 'min': 0.0, '25%': 0.0, '50%': 0.0, '75%': 1.0, 'max': 1.0}}, 'categorical_summary': {}, 'datetime_summary': {}}
2026-04-19 15:25:49,024 - INFO - Starting dynamic data cleaning process
2026-04-19 15:25:49,058 - INFO - Dynamic data cleaning process completed successfully
2026-04-19 15:25:49,060 - INFO - Generating validation report...
2026-04-19 15:25:49,089 - DEBUG - {'shape': (768, 9), 'columns': ['pregnancies', 'glucose', 'bloodpressure', 'skinthickness', 'insulin', 'bmi', 'diabetespedigreefunction', 'age', 'outcome'], 'null_counts': {'pregnancies': 0, 'glucose': 0, 'bloodpressure': 0, 'skinthickness': 0, 'insulin': 0, 'bmi': 0, 'diabetespedigreefunction': 0, 'age': 0, 'outcome': 0}, 'duplicate_rows': 0, 'dtypes': {'pregnancies': 'float64', 'glucose': 'float64', 'bloodpressure': 'float64', 'skinthickness': 'float64', 'insulin': 'float64', 'bmi': 'float64', 'diabetespedigreefunction': 'float64', 'age': 'float64', 'outcome': 'float64'}, 'numeric_summary': {'pregnancies': {'count': 768.0, 'mean': 3.8372395833333335, 'std': 3.34415658181527, 'min': 0.0, '25%': 1.0, '50%': 3.0, '75%': 6.0, 'max': 13.5}, 'glucose': {'count': 768.0, 'mean': 121.13623046875, 'std': 31.18746833652051, 'min': 37.125, '25%': 99.0, '50%': 117.0, '75%': 140.25, 'max': 199.0}, 'bloodpressure': {'count': 768.0, 'mean': 70.68489583333333, 'std': 14.197239057649936, 'min': 35.0, '25%': 62.0, '50%': 72.0, '75%': 80.0, 'max': 107.0}, 'skinthickness': {'count': 768.0, 'mean': 20.51171875, 'std': 15.844744399116626, 'min': 0.0, '25%': 0.0, '50%': 23.0, '75%': 32.0, 'max': 80.0}, 'insulin': {'count': 768.0, 'mean': 73.65266927083333, 'std': 93.57602853856773, 'min': 0.0, '25%': 0.0, '50%': 30.5, '75%': 127.25, 'max': 318.125}, 'bmi': {'count': 768.0, 'mean': 32.125065104166666, 'std': 7.049583655930462, 'min': 13.35, '25%': 27.3, '50%': 32.0, '75%': 36.6, 'max': 50.550000000000004}, 'diabetespedigreefunction': {'count': 768.0, 'mean': 0.45891406250000005, 'std': 0.2855963187309199, 'min': 0.078, '25%': 0.24375, '50%': 0.3725, '75%': 0.62625, 'max': 1.2}, 'age': {'count': 768.0, 'mean': 33.199869791666664, 'std': 11.62840394638317, 'min': 21.0, '25%': 24.0, '50%': 29.0, '75%': 41.0, 'max': 66.5}, 'outcome': {'count': 768.0, 'mean': 0.3489583333333333, 'std': 0.47695137724279896, 'min': 0.0, '25%': 0.0, '50%': 0.0, '75%': 1.0, 'max': 1.0}}, 'categorical_summary': {}, 'datetime_summary': {}}
2026-04-19 15:25:51,073 - INFO - [Routing Decision] Cleaned status = yes
2026-04-19 15:25:51,074 - INFO - Starting query analysis
2026-04-19 15:25:55,424 - INFO - [Routing Decision] Cleaned status = yes
2026-04-19 15:25:55,425 - INFO - Starting query analysis
2026-04-19 15:25:58,936 - INFO - Identified ML problem type: classification
2026-04-19 15:25:58,937 - INFO - Routing decision: classification
2026-04-19 15:25:58,938 - INFO - Determining target column
2026-04-19 15:25:59,844 - WARNING - Suggested column ''outcome'' not found in dataset. Defaulting to first column.
2026-04-19 15:25:59,844 - INFO - Chosen target column: pregnancies
2026-04-19 15:25:59,844 - INFO - Detected column types: {'numeric': ['glucose', 'bloodpressure', 'skinthickness', 'insulin', 'bmi', 'diabetespedigreefunction', 'age', 'outcome'], 'categorical': [], 'text': [], 'datetime': [], 'boolean': []}
2026-04-19 15:25:59,854 - INFO - Extracted features columns: ['glucose', 'bloodpressure', 'skinthickness', 'insulin', 'bmi', 'diabetespedigreefunction', 'age', 'outcome']
2026-04-19 15:26:01,349 - INFO - Final features after LLM enhancement: ['glucose', 'skinthickness', 'bloodpressure', 'diabetespedigreefunction', 'age', 'insulin', 'outcome', 'bmi']
2026-04-19 15:26:03,855 - INFO - Generated ML config
2026-04-19 15:26:03,856 - INFO - Starting model fitting
2026-04-19 15:26:03,964 - INFO - Identified ML problem type: classification
2026-04-19 15:26:03,967 - INFO - Routing decision: classification
2026-04-19 15:26:03,967 - INFO - Determining target column
2026-04-19 15:26:04,987 - WARNING - Suggested column '"outcome"' not found in dataset. Defaulting to first column.
2026-04-19 15:26:04,988 - INFO - Chosen target column: pregnancies
2026-04-19 15:26:04,989 - INFO - Detected column types: {'numeric': ['glucose', 'bloodpressure', 'skinthickness', 'insulin', 'bmi', 'diabetespedigreefunction', 'age', 'outcome'], 'categorical': [], 'text': [], 'datetime': [], 'boolean': []}
2026-04-19 15:26:04,994 - INFO - Extracted features columns: ['glucose', 'bloodpressure', 'skinthickness', 'insulin', 'bmi', 'diabetespedigreefunction', 'age', 'outcome']
2026-04-19 15:26:05,459 - ERROR - Error during model fitting: Unknown label type: continuous. Maybe you are trying to fit a classifier, which expects discrete classes on a regression target with continuous values.
2026-04-19 15:26:06,257 - INFO - Final features after LLM enhancement: ['glucose', 'skinthickness', 'bloodpressure', 'diabetespedigreefunction', 'age', 'insulin', 'outcome', 'bmi']
2026-04-19 15:26:07,971 - INFO - Generated ML config
2026-04-19 15:26:07,974 - INFO - Starting model fitting
2026-04-19 15:26:08,880 - ERROR - Error during model fitting: Unknown label type: continuous. Maybe you are trying to fit a classifier, which expects discrete classes on a regression target with continuous values.
2026-04-19 15:27:40,707 - INFO - Starting dynamic data cleaning process
2026-04-19 15:27:40,734 - INFO - Dynamic data cleaning process completed successfully
2026-04-19 15:27:40,736 - INFO - Generating validation report...
2026-04-19 15:27:40,758 - DEBUG - {'shape': (768, 9), 'columns': ['pregnancies', 'glucose', 'bloodpressure', 'skinthickness', 'insulin', 'bmi', 'diabetespedigreefunction', 'age', 'outcome'], 'null_counts': {'pregnancies': 0, 'glucose': 0, 'bloodpressure': 0, 'skinthickness': 0, 'insulin': 0, 'bmi': 0, 'diabetespedigreefunction': 0, 'age': 0, 'outcome': 0}, 'duplicate_rows': 0, 'dtypes': {'pregnancies': 'float64', 'glucose': 'float64', 'bloodpressure': 'float64', 'skinthickness': 'float64', 'insulin': 'float64', 'bmi': 'float64', 'diabetespedigreefunction': 'float64', 'age': 'float64', 'outcome': 'float64'}, 'numeric_summary': {'pregnancies': {'count': 768.0, 'mean': 3.8372395833333335, 'std': 3.34415658181527, 'min': 0.0, '25%': 1.0, '50%': 3.0, '75%': 6.0, 'max': 13.5}, 'glucose': {'count': 768.0, 'mean': 121.13623046875, 'std': 31.18746833652051, 'min': 37.125, '25%': 99.0, '50%': 117.0, '75%': 140.25, 'max': 199.0}, 'bloodpressure': {'count': 768.0, 'mean': 70.68489583333333, 'std': 14.197239057649936, 'min': 35.0, '25%': 62.0, '50%': 72.0, '75%': 80.0, 'max': 107.0}, 'skinthickness': {'count': 768.0, 'mean': 20.51171875, 'std': 15.844744399116626, 'min': 0.0, '25%': 0.0, '50%': 23.0, '75%': 32.0, 'max': 80.0}, 'insulin': {'count': 768.0, 'mean': 73.65266927083333, 'std': 93.57602853856773, 'min': 0.0, '25%': 0.0, '50%': 30.5, '75%': 127.25, 'max': 318.125}, 'bmi': {'count': 768.0, 'mean': 32.125065104166666, 'std': 7.049583655930462, 'min': 13.35, '25%': 27.3, '50%': 32.0, '75%': 36.6, 'max': 50.550000000000004}, 'diabetespedigreefunction': {'count': 768.0, 'mean': 0.45891406250000005, 'std': 0.2855963187309199, 'min': 0.078, '25%': 0.24375, '50%': 0.3725, '75%': 0.62625, 'max': 1.2}, 'age': {'count': 768.0, 'mean': 33.199869791666664, 'std': 11.62840394638317, 'min': 21.0, '25%': 24.0, '50%': 29.0, '75%': 41.0, 'max': 66.5}, 'outcome': {'count': 768.0, 'mean': 0.3489583333333333, 'std': 0.47695137724279896, 'min': 0.0, '25%': 0.0, '50%': 0.0, '75%': 1.0, 'max': 1.0}}, 'categorical_summary': {}, 'datetime_summary': {}}
2026-04-19 15:27:49,391 - INFO - [Routing Decision] Cleaned status = yes
2026-04-19 15:27:49,393 - INFO - Starting query analysis
2026-04-19 15:27:51,239 - INFO - Identified ML problem type: classification
2026-04-19 15:27:51,240 - INFO - Routing decision: classification
2026-04-19 15:27:51,241 - INFO - Determining target column
2026-04-19 15:27:52,380 - INFO - Chosen target column: outcome
2026-04-19 15:27:52,381 - INFO - Detected column types: {'numeric': ['pregnancies', 'glucose', 'bloodpressure', 'skinthickness', 'insulin', 'bmi', 'diabetespedigreefunction', 'age'], 'categorical': [], 'text': [], 'datetime': [], 'boolean': []}
2026-04-19 15:27:52,385 - INFO - Extracted features columns: ['pregnancies', 'glucose', 'bloodpressure', 'skinthickness', 'insulin', 'bmi', 'diabetespedigreefunction', 'age']
2026-04-19 15:27:53,401 - INFO - Final features after LLM enhancement: ['glucose', 'skinthickness', 'diabetespedigreefunction', 'bmi', 'age', 'insulin', 'pregnancies', 'bloodpressure']
2026-04-19 15:27:54,543 - INFO - Generated ML config
2026-04-19 15:27:54,544 - INFO - Starting model fitting
2026-04-19 15:27:55,887 - DEBUG - Model training completed successfullyRandomForestClassifier()
2026-04-19 15:27:55,887 - INFO - Computing model metrics
2026-04-19 15:27:55,888 - DEBUG - Task type: classification
2026-04-19 15:27:55,888 - DEBUG - Evaluation data shape: (768, 8), (768,)
2026-04-19 15:27:55,901 - INFO - Metrics computed successfully: {'accuracy': 1.0, 'precision': 1.0, 'recall': 1.0, 'f1-score': 1.0}
2026-04-19 15:27:55,902 - INFO - Generating prediction from user query
2026-04-19 15:27:55,903 - INFO - Extracted features columns: []
2026-04-19 15:27:55,904 - INFO - Aligned input shape: (1, 8)
2026-04-19 15:27:55,904 - INFO - Raw prediction: [0.]
2026-04-19 15:27:55,904 - INFO - Final prediction result: {'question': 'predict the outcome of being diabetic for a 45-year-old with 2 pregnancies, 160 Glucose, and 36.5 BMI?\n\n', 'inputs': {'message': 'predict the outcome of being diabetic for a 45-year-old with 2 pregnancies, 160 Glucose, and 36.5 BMI?\n\n'}, 'prediction_encoded': 0, 'prediction_label': '0', 'label_mapping': None}
2026-04-19 15:27:57,282 - INFO - Generated explanation for prediction
2026-04-19 15:41:33,675 - INFO - Starting dynamic data cleaning process
2026-04-19 15:41:33,717 - INFO - Dynamic data cleaning process completed successfully
2026-04-19 15:41:33,718 - INFO - Generating validation report...
2026-04-19 15:41:33,751 - DEBUG - {'shape': (299, 9), 'columns': ['car_name', 'year', 'selling_price', 'present_price', 'kms_driven', 'fuel_type', 'seller_type', 'transmission', 'owner'], 'null_counts': {'car_name': 0, 'year': 0, 'selling_price': 0, 'present_price': 0, 'kms_driven': 0, 'fuel_type': 0, 'seller_type': 0, 'transmission': 0, 'owner': 0}, 'duplicate_rows': 0, 'dtypes': {'car_name': 'object', 'year': 'float64', 'selling_price': 'float64', 'present_price': 'float64', 'kms_driven': 'float64', 'fuel_type': 'object', 'seller_type': 'object', 'transmission': 'object', 'owner': 'float64'}, 'numeric_summary': {'year': {'count': 299.0, 'mean': 2013.6555183946489, 'std': 2.773023447871607, 'min': 2006.0, '25%': 2012.0, '50%': 2014.0, '75%': 2016.0, 'max': 2018.0}, 'selling_price': {'count': 299.0, 'mean': 4.233377926421405, 'std': 3.7271056335543, 'min': 0.1, '25%': 0.8500000000000001, '50%': 3.51, '75%': 6.0, 'max': 13.725000000000001}, 'present_price': {'count': 299.0, 'mean': 7.004448160535117, 'std': 6.092973897250185, 'min': 0.32, '25%': 1.2, '50%': 6.1, '75%': 9.84, 'max': 22.8}, 'kms_driven': {'count': 299.0, 'mean': 34387.09698996656, 'std': 23819.913772791995, 'min': 500.0, '25%': 15000.0, '50%': 32000.0, '75%': 48883.5, 'max': 99708.75}, 'owner': {'count': 299.0, 'mean': 0.0, 'std': 0.0, 'min': 0.0, '25%': 0.0, '50%': 0.0, '75%': 0.0, 'max': 0.0}}, 'categorical_summary': {'car_name': {'count': 299, 'unique': 98, 'top': 'city', 'freq': 26}, 'fuel_type': {'count': 299, 'unique': 3, 'top': 'Petrol', 'freq': 239}, 'seller_type': {'count': 299, 'unique': 2, 'top': 'Dealer', 'freq': 193}, 'transmission': {'count': 299, 'unique': 2, 'top': 'Manual', 'freq': 260}}, 'datetime_summary': {}}
2026-04-19 15:41:37,024 - INFO - Starting dynamic data cleaning process
2026-04-19 15:41:37,063 - INFO - Dynamic data cleaning process completed successfully
2026-04-19 15:41:37,066 - INFO - Generating validation report...
2026-04-19 15:41:37,094 - DEBUG - {'shape': (299, 9), 'columns': ['car_name', 'year', 'selling_price', 'present_price', 'kms_driven', 'fuel_type', 'seller_type', 'transmission', 'owner'], 'null_counts': {'car_name': 0, 'year': 0, 'selling_price': 0, 'present_price': 0, 'kms_driven': 0, 'fuel_type': 0, 'seller_type': 0, 'transmission': 0, 'owner': 0}, 'duplicate_rows': 0, 'dtypes': {'car_name': 'object', 'year': 'float64', 'selling_price': 'float64', 'present_price': 'float64', 'kms_driven': 'float64', 'fuel_type': 'object', 'seller_type': 'object', 'transmission': 'object', 'owner': 'float64'}, 'numeric_summary': {'year': {'count': 299.0, 'mean': 2013.6555183946489, 'std': 2.773023447871607, 'min': 2006.0, '25%': 2012.0, '50%': 2014.0, '75%': 2016.0, 'max': 2018.0}, 'selling_price': {'count': 299.0, 'mean': 4.233377926421405, 'std': 3.7271056335543, 'min': 0.1, '25%': 0.8500000000000001, '50%': 3.51, '75%': 6.0, 'max': 13.725000000000001}, 'present_price': {'count': 299.0, 'mean': 7.004448160535117, 'std': 6.092973897250185, 'min': 0.32, '25%': 1.2, '50%': 6.1, '75%': 9.84, 'max': 22.8}, 'kms_driven': {'count': 299.0, 'mean': 34387.09698996656, 'std': 23819.913772791995, 'min': 500.0, '25%': 15000.0, '50%': 32000.0, '75%': 48883.5, 'max': 99708.75}, 'owner': {'count': 299.0, 'mean': 0.0, 'std': 0.0, 'min': 0.0, '25%': 0.0, '50%': 0.0, '75%': 0.0, 'max': 0.0}}, 'categorical_summary': {'car_name': {'count': 299, 'unique': 98, 'top': 'city', 'freq': 26}, 'fuel_type': {'count': 299, 'unique': 3, 'top': 'Petrol', 'freq': 239}, 'seller_type': {'count': 299, 'unique': 2, 'top': 'Dealer', 'freq': 193}, 'transmission': {'count': 299, 'unique': 2, 'top': 'Manual', 'freq': 260}}, 'datetime_summary': {}}
2026-04-19 15:41:45,250 - INFO - [Routing Decision] Cleaned status = yes
2026-04-19 15:41:45,252 - INFO - Starting query analysis
2026-04-19 15:41:53,422 - INFO - Identified ML problem type: regression
2026-04-19 15:41:53,423 - INFO - Routing decision: regression
2026-04-19 15:41:53,424 - INFO - Determining target column
2026-04-19 15:41:55,802 - INFO - Starting dynamic data cleaning process
2026-04-19 15:41:55,837 - INFO - Dynamic data cleaning process completed successfully
2026-04-19 15:41:55,839 - INFO - Generating validation report...
2026-04-19 15:41:55,874 - DEBUG - {'shape': (299, 9), 'columns': ['car_name', 'year', 'selling_price', 'present_price', 'kms_driven', 'fuel_type', 'seller_type', 'transmission', 'owner'], 'null_counts': {'car_name': 0, 'year': 0, 'selling_price': 0, 'present_price': 0, 'kms_driven': 0, 'fuel_type': 0, 'seller_type': 0, 'transmission': 0, 'owner': 0}, 'duplicate_rows': 0, 'dtypes': {'car_name': 'object', 'year': 'float64', 'selling_price': 'float64', 'present_price': 'float64', 'kms_driven': 'float64', 'fuel_type': 'object', 'seller_type': 'object', 'transmission': 'object', 'owner': 'float64'}, 'numeric_summary': {'year': {'count': 299.0, 'mean': 2013.6555183946489, 'std': 2.773023447871607, 'min': 2006.0, '25%': 2012.0, '50%': 2014.0, '75%': 2016.0, 'max': 2018.0}, 'selling_price': {'count': 299.0, 'mean': 4.233377926421405, 'std': 3.7271056335543, 'min': 0.1, '25%': 0.8500000000000001, '50%': 3.51, '75%': 6.0, 'max': 13.725000000000001}, 'present_price': {'count': 299.0, 'mean': 7.004448160535117, 'std': 6.092973897250185, 'min': 0.32, '25%': 1.2, '50%': 6.1, '75%': 9.84, 'max': 22.8}, 'kms_driven': {'count': 299.0, 'mean': 34387.09698996656, 'std': 23819.913772791995, 'min': 500.0, '25%': 15000.0, '50%': 32000.0, '75%': 48883.5, 'max': 99708.75}, 'owner': {'count': 299.0, 'mean': 0.0, 'std': 0.0, 'min': 0.0, '25%': 0.0, '50%': 0.0, '75%': 0.0, 'max': 0.0}}, 'categorical_summary': {'car_name': {'count': 299, 'unique': 98, 'top': 'city', 'freq': 26}, 'fuel_type': {'count': 299, 'unique': 3, 'top': 'Petrol', 'freq': 239}, 'seller_type': {'count': 299, 'unique': 2, 'top': 'Dealer', 'freq': 193}, 'transmission': {'count': 299, 'unique': 2, 'top': 'Manual', 'freq': 260}}, 'datetime_summary': {}}
2026-04-19 15:41:56,733 - INFO - Chosen target column: selling_price
2026-04-19 15:41:56,738 - INFO - Detected column types: {'numeric': ['year', 'present_price', 'kms_driven', 'owner'], 'categorical': ['fuel_type', 'seller_type', 'transmission'], 'text': ['car_name'], 'datetime': [], 'boolean': []}
2026-04-19 15:41:56,769 - INFO - Extracted features columns: ['car_name_tfidf_0', 'car_name_tfidf_1', 'car_name_tfidf_2', 'car_name_tfidf_3', 'car_name_tfidf_4', 'car_name_tfidf_5', 'car_name_tfidf_6', 'car_name_tfidf_7', 'car_name_tfidf_8', 'car_name_tfidf_9', 'car_name_tfidf_10', 'car_name_tfidf_11', 'car_name_tfidf_12', 'car_name_tfidf_13', 'car_name_tfidf_14', 'car_name_tfidf_15', 'car_name_tfidf_16', 'car_name_tfidf_17', 'car_name_tfidf_18', 'car_name_tfidf_19', 'car_name_tfidf_20', 'car_name_tfidf_21', 'car_name_tfidf_22', 'car_name_tfidf_23', 'car_name_tfidf_24', 'car_name_tfidf_25', 'car_name_tfidf_26', 'car_name_tfidf_27', 'car_name_tfidf_28', 'car_name_tfidf_29', 'car_name_tfidf_30', 'car_name_tfidf_31', 'car_name_tfidf_32', 'car_name_tfidf_33', 'car_name_tfidf_34', 'car_name_tfidf_35', 'car_name_tfidf_36', 'car_name_tfidf_37', 'car_name_tfidf_38', 'car_name_tfidf_39', 'year', 'present_price', 'kms_driven', 'fuel_type_CNG', 'fuel_type_Diesel', 'fuel_type_Petrol', 'seller_type_Dealer', 'seller_type_Individual', 'transmission_Automatic', 'transmission_Manual', 'owner']
2026-04-19 15:41:57,871 - INFO - Final features after LLM enhancement: ['car_name_tfidf_37', 'transmission_Manual', 'car_name_tfidf_9', 'kms_driven', 'car_name_tfidf_24', 'seller_type_Individual', 'car_name_tfidf_39', 'car_name_tfidf_3', 'fuel_type_CNG', 'car_name_tfidf_27', 'car_name_tfidf_15', 'car_name_tfidf_18', 'car_name_tfidf_8', 'car_name_tfidf_2', 'car_name_tfidf_1', 'car_name_tfidf_17', 'car_name_tfidf_16', 'fuel_type_Diesel', 'transmission_Automatic', 'car_name_tfidf_11', 'car_name_tfidf_25', 'car_name_tfidf_35', 'car_name_tfidf_29', 'car_name_tfidf_31', 'fuel_type_Petrol', 'car_name_tfidf_32', 'car_name_tfidf_33', 'car_name_tfidf_6', 'car_name_tfidf_30', 'car_name_tfidf_34', 'car_name_tfidf_36', 'car_name_tfidf_5', 'car_name_tfidf_22', 'car_name_tfidf_13', 'car_name_tfidf_0', 'year', 'present_price', 'seller_type_Dealer', 'car_name_tfidf_12', 'car_name_tfidf_19', 'car_name_tfidf_4', 'car_name_tfidf_23', 'car_name_tfidf_10', 'car_name_tfidf_26', 'car_name_tfidf_28', 'car_name_tfidf_38', 'car_name_tfidf_14', 'car_name_tfidf_21']
2026-04-19 15:41:58,663 - INFO - [Routing Decision] Cleaned status = yes
2026-04-19 15:41:58,665 - INFO - Starting query analysis
2026-04-19 15:41:59,460 - INFO - Identified ML problem type: clustering
2026-04-19 15:41:59,461 - INFO - Routing decision: clustering
2026-04-19 15:42:00,159 - INFO - Generated ML config
2026-04-19 15:42:00,159 - INFO - Starting model fitting
2026-04-19 15:42:00,496 - INFO - Selected features: ['year', 'selling_price', 'kms_driven']
2026-04-19 15:42:01,760 - DEBUG - Model training completed successfullyRandomForestRegressor(random_state=42)
2026-04-19 15:42:01,760 - INFO - Computing model metrics
2026-04-19 15:42:01,762 - DEBUG - Task type: regression
2026-04-19 15:42:01,762 - DEBUG - Evaluation data shape: (299, 48), (299,)
2026-04-19 15:42:01,762 - INFO - Metrics computed successfully: {'MAE': 0.16889581939799378, 'MSE': 0.09602591440635466, 'RMSE': np.float64(0.3098804840682205), 'R2': 0.9930641455266985}
2026-04-19 15:42:01,762 - INFO - Generating prediction from user query
2026-04-19 15:42:01,762 - INFO - Extracted features columns: []
2026-04-19 15:42:01,770 - INFO - Aligned input shape: (1, 48)
2026-04-19 15:42:01,774 - INFO - Raw prediction: [0.5241]
2026-04-19 15:42:01,775 - INFO - Final prediction result: {'question': 'Predict the Selling_Price of a car for the Year 2016, with a Present_Price of 10.5 and 35,000 Kms_Driven.', 'inputs': {'message': 'Predict the Selling_Price of a car for the Year 2016, with a Present_Price of 10.5 and 35,000 Kms_Driven.'}, 'prediction': 0.5241000000000003}
2026-04-19 15:42:03,043 - INFO - Generated explanation for prediction
2026-04-19 15:42:03,744 - INFO - K=2, silhouette score=0.2710
2026-04-19 15:42:03,768 - INFO - K=3, silhouette score=0.3294
2026-04-19 15:42:03,792 - INFO - K=4, silhouette score=0.3417
2026-04-19 15:42:03,812 - INFO - K=5, silhouette score=0.3206
2026-04-19 15:42:03,828 - INFO - K=6, silhouette score=0.3559
2026-04-19 15:42:03,845 - INFO - K=7, silhouette score=0.3396
2026-04-19 15:42:03,860 - INFO - K=8, silhouette score=0.2986
2026-04-19 15:42:03,876 - INFO - K=9, silhouette score=0.3266
2026-04-19 15:42:03,890 - INFO - K=10, silhouette score=0.3288
2026-04-19 15:42:03,906 - INFO - Final clustering done with k=6, labels attached to df
2026-04-19 15:42:05,718 - INFO - LLM generated visualization code successfully.
2026-04-19 15:42:11,312 - INFO - Profile Interpretation Generated
2026-04-19 15:42:51,048 - INFO - Starting dynamic data cleaning process
2026-04-19 15:42:51,080 - INFO - Dynamic data cleaning process completed successfully
2026-04-19 15:42:51,081 - INFO - Generating validation report...
2026-04-19 15:42:51,116 - DEBUG - {'shape': (299, 9), 'columns': ['car_name', 'year', 'selling_price', 'present_price', 'kms_driven', 'fuel_type', 'seller_type', 'transmission', 'owner'], 'null_counts': {'car_name': 0, 'year': 0, 'selling_price': 0, 'present_price': 0, 'kms_driven': 0, 'fuel_type': 0, 'seller_type': 0, 'transmission': 0, 'owner': 0}, 'duplicate_rows': 0, 'dtypes': {'car_name': 'object', 'year': 'float64', 'selling_price': 'float64', 'present_price': 'float64', 'kms_driven': 'float64', 'fuel_type': 'object', 'seller_type': 'object', 'transmission': 'object', 'owner': 'float64'}, 'numeric_summary': {'year': {'count': 299.0, 'mean': 2013.6555183946489, 'std': 2.773023447871607, 'min': 2006.0, '25%': 2012.0, '50%': 2014.0, '75%': 2016.0, 'max': 2018.0}, 'selling_price': {'count': 299.0, 'mean': 4.233377926421405, 'std': 3.7271056335543, 'min': 0.1, '25%': 0.8500000000000001, '50%': 3.51, '75%': 6.0, 'max': 13.725000000000001}, 'present_price': {'count': 299.0, 'mean': 7.004448160535117, 'std': 6.092973897250185, 'min': 0.32, '25%': 1.2, '50%': 6.1, '75%': 9.84, 'max': 22.8}, 'kms_driven': {'count': 299.0, 'mean': 34387.09698996656, 'std': 23819.913772791995, 'min': 500.0, '25%': 15000.0, '50%': 32000.0, '75%': 48883.5, 'max': 99708.75}, 'owner': {'count': 299.0, 'mean': 0.0, 'std': 0.0, 'min': 0.0, '25%': 0.0, '50%': 0.0, '75%': 0.0, 'max': 0.0}}, 'categorical_summary': {'car_name': {'count': 299, 'unique': 98, 'top': 'city', 'freq': 26}, 'fuel_type': {'count': 299, 'unique': 3, 'top': 'Petrol', 'freq': 239}, 'seller_type': {'count': 299, 'unique': 2, 'top': 'Dealer', 'freq': 193}, 'transmission': {'count': 299, 'unique': 2, 'top': 'Manual', 'freq': 260}}, 'datetime_summary': {}}
2026-04-19 15:42:53,354 - INFO - [Routing Decision] Cleaned status = yes
2026-04-19 15:42:53,356 - INFO - Starting query analysis
2026-04-19 15:42:57,012 - INFO - Identified ML problem type: clustering
2026-04-19 15:42:57,013 - INFO - Routing decision: clustering
2026-04-19 15:42:57,715 - INFO - Selected features: ['selling_price', 'kms_driven']
2026-04-19 15:42:57,747 - INFO - K=2, silhouette score=0.3607
2026-04-19 15:42:57,774 - INFO - K=3, silhouette score=0.4065
2026-04-19 15:42:57,796 - INFO - K=4, silhouette score=0.4112
2026-04-19 15:42:57,817 - INFO - K=5, silhouette score=0.4313
2026-04-19 15:42:57,835 - INFO - K=6, silhouette score=0.4336
2026-04-19 15:42:57,852 - INFO - K=7, silhouette score=0.4354
2026-04-19 15:42:57,873 - INFO - K=8, silhouette score=0.4386
2026-04-19 15:42:57,896 - INFO - K=9, silhouette score=0.3851
2026-04-19 15:42:57,923 - INFO - K=10, silhouette score=0.4145
2026-04-19 15:42:57,941 - INFO - Final clustering done with k=8, labels attached to df
2026-04-19 15:42:59,863 - INFO - LLM generated visualization code successfully.
2026-04-19 15:43:11,464 - INFO - Profile Interpretation Generated
2026-04-19 15:43:29,286 - INFO - Starting dynamic data cleaning process
2026-04-19 15:43:29,317 - INFO - Dynamic data cleaning process completed successfully
2026-04-19 15:43:29,319 - INFO - Generating validation report...
2026-04-19 15:43:29,342 - DEBUG - {'shape': (299, 9), 'columns': ['car_name', 'year', 'selling_price', 'present_price', 'kms_driven', 'fuel_type', 'seller_type', 'transmission', 'owner'], 'null_counts': {'car_name': 0, 'year': 0, 'selling_price': 0, 'present_price': 0, 'kms_driven': 0, 'fuel_type': 0, 'seller_type': 0, 'transmission': 0, 'owner': 0}, 'duplicate_rows': 0, 'dtypes': {'car_name': 'object', 'year': 'float64', 'selling_price': 'float64', 'present_price': 'float64', 'kms_driven': 'float64', 'fuel_type': 'object', 'seller_type': 'object', 'transmission': 'object', 'owner': 'float64'}, 'numeric_summary': {'year': {'count': 299.0, 'mean': 2013.6555183946489, 'std': 2.773023447871607, 'min': 2006.0, '25%': 2012.0, '50%': 2014.0, '75%': 2016.0, 'max': 2018.0}, 'selling_price': {'count': 299.0, 'mean': 4.233377926421405, 'std': 3.7271056335543, 'min': 0.1, '25%': 0.8500000000000001, '50%': 3.51, '75%': 6.0, 'max': 13.725000000000001}, 'present_price': {'count': 299.0, 'mean': 7.004448160535117, 'std': 6.092973897250185, 'min': 0.32, '25%': 1.2, '50%': 6.1, '75%': 9.84, 'max': 22.8}, 'kms_driven': {'count': 299.0, 'mean': 34387.09698996656, 'std': 23819.913772791995, 'min': 500.0, '25%': 15000.0, '50%': 32000.0, '75%': 48883.5, 'max': 99708.75}, 'owner': {'count': 299.0, 'mean': 0.0, 'std': 0.0, 'min': 0.0, '25%': 0.0, '50%': 0.0, '75%': 0.0, 'max': 0.0}}, 'categorical_summary': {'car_name': {'count': 299, 'unique': 98, 'top': 'city', 'freq': 26}, 'fuel_type': {'count': 299, 'unique': 3, 'top': 'Petrol', 'freq': 239}, 'seller_type': {'count': 299, 'unique': 2, 'top': 'Dealer', 'freq': 193}, 'transmission': {'count': 299, 'unique': 2, 'top': 'Manual', 'freq': 260}}, 'datetime_summary': {}}
2026-04-19 15:43:45,945 - INFO - [Routing Decision] Cleaned status = yes
2026-04-19 15:43:45,946 - INFO - Starting query analysis
2026-04-19 15:43:54,492 - INFO - Identified ML problem type: regression
2026-04-19 15:43:54,493 - INFO - Routing decision: regression
2026-04-19 15:43:54,496 - INFO - Determining target column
2026-04-19 15:43:55,520 - INFO - Chosen target column: selling_price
2026-04-19 15:43:55,528 - INFO - Detected column types: {'numeric': ['year', 'present_price', 'kms_driven', 'owner'], 'categorical': ['fuel_type', 'seller_type', 'transmission'], 'text': ['car_name'], 'datetime': [], 'boolean': []}
2026-04-19 15:43:55,545 - INFO - Extracted features columns: ['car_name_tfidf_0', 'car_name_tfidf_1', 'car_name_tfidf_2', 'car_name_tfidf_3', 'car_name_tfidf_4', 'car_name_tfidf_5', 'car_name_tfidf_6', 'car_name_tfidf_7', 'car_name_tfidf_8', 'car_name_tfidf_9', 'car_name_tfidf_10', 'car_name_tfidf_11', 'car_name_tfidf_12', 'car_name_tfidf_13', 'car_name_tfidf_14', 'car_name_tfidf_15', 'car_name_tfidf_16', 'car_name_tfidf_17', 'car_name_tfidf_18', 'car_name_tfidf_19', 'car_name_tfidf_20', 'car_name_tfidf_21', 'car_name_tfidf_22', 'car_name_tfidf_23', 'car_name_tfidf_24', 'car_name_tfidf_25', 'car_name_tfidf_26', 'car_name_tfidf_27', 'car_name_tfidf_28', 'car_name_tfidf_29', 'car_name_tfidf_30', 'car_name_tfidf_31', 'car_name_tfidf_32', 'car_name_tfidf_33', 'car_name_tfidf_34', 'car_name_tfidf_35', 'car_name_tfidf_36', 'car_name_tfidf_37', 'car_name_tfidf_38', 'car_name_tfidf_39', 'year', 'present_price', 'kms_driven', 'fuel_type_CNG', 'fuel_type_Diesel', 'fuel_type_Petrol', 'seller_type_Dealer', 'seller_type_Individual', 'transmission_Automatic', 'transmission_Manual', 'owner']
2026-04-19 15:43:57,918 - INFO - Final features after LLM enhancement: ['car_name_tfidf_37', 'kms_driven', 'car_name_tfidf_3', 'fuel_type_CNG', 'car_name_tfidf_27', 'car_name_tfidf_18', 'car_name_tfidf_2', 'car_name_tfidf_1', 'car_name_tfidf_17', 'car_name_tfidf_16', 'fuel_type_Diesel', 'transmission_Automatic', 'car_name_tfidf_11', 'car_name_tfidf_25', 'car_name_tfidf_29', 'car_name_tfidf_31', 'fuel_type_Petrol', 'car_name_tfidf_30', 'car_name_tfidf_36', 'car_name_tfidf_5', 'car_name_tfidf_22', 'car_name_tfidf_13', 'car_name_tfidf_0', 'year', 'car_name_tfidf_4', 'car_name_tfidf_23', 'car_name_tfidf_26', 'car_name_tfidf_14', 'transmission_Manual', 'car_name_tfidf_9', 'car_name_tfidf_24', 'seller_type_Individual', 'car_name_tfidf_39', 'car_name_tfidf_15', 'car_name_tfidf_8', 'car_name_tfidf_35', 'car_name_tfidf_32', 'car_name_tfidf_33', 'car_name_tfidf_6', 'car_name_tfidf_34', 'present_price', 'seller_type_Dealer', 'car_name_tfidf_12', 'car_name_tfidf_19', 'car_name_tfidf_10', 'car_name_tfidf_28', 'car_name_tfidf_38', 'car_name_tfidf_21']
2026-04-19 15:44:01,113 - INFO - Starting dynamic data cleaning process
2026-04-19 15:44:01,146 - INFO - Dynamic data cleaning process completed successfully
2026-04-19 15:44:01,148 - INFO - Generating validation report...
2026-04-19 15:44:01,178 - DEBUG - {'shape': (299, 9), 'columns': ['car_name', 'year', 'selling_price', 'present_price', 'kms_driven', 'fuel_type', 'seller_type', 'transmission', 'owner'], 'null_counts': {'car_name': 0, 'year': 0, 'selling_price': 0, 'present_price': 0, 'kms_driven': 0, 'fuel_type': 0, 'seller_type': 0, 'transmission': 0, 'owner': 0}, 'duplicate_rows': 0, 'dtypes': {'car_name': 'object', 'year': 'float64', 'selling_price': 'float64', 'present_price': 'float64', 'kms_driven': 'float64', 'fuel_type': 'object', 'seller_type': 'object', 'transmission': 'object', 'owner': 'float64'}, 'numeric_summary': {'year': {'count': 299.0, 'mean': 2013.6555183946489, 'std': 2.773023447871607, 'min': 2006.0, '25%': 2012.0, '50%': 2014.0, '75%': 2016.0, 'max': 2018.0}, 'selling_price': {'count': 299.0, 'mean': 4.233377926421405, 'std': 3.7271056335543, 'min': 0.1, '25%': 0.8500000000000001, '50%': 3.51, '75%': 6.0, 'max': 13.725000000000001}, 'present_price': {'count': 299.0, 'mean': 7.004448160535117, 'std': 6.092973897250185, 'min': 0.32, '25%': 1.2, '50%': 6.1, '75%': 9.84, 'max': 22.8}, 'kms_driven': {'count': 299.0, 'mean': 34387.09698996656, 'std': 23819.913772791995, 'min': 500.0, '25%': 15000.0, '50%': 32000.0, '75%': 48883.5, 'max': 99708.75}, 'owner': {'count': 299.0, 'mean': 0.0, 'std': 0.0, 'min': 0.0, '25%': 0.0, '50%': 0.0, '75%': 0.0, 'max': 0.0}}, 'categorical_summary': {'car_name': {'count': 299, 'unique': 98, 'top': 'city', 'freq': 26}, 'fuel_type': {'count': 299, 'unique': 3, 'top': 'Petrol', 'freq': 239}, 'seller_type': {'count': 299, 'unique': 2, 'top': 'Dealer', 'freq': 193}, 'transmission': {'count': 299, 'unique': 2, 'top': 'Manual', 'freq': 260}}, 'datetime_summary': {}}
2026-04-19 15:44:01,221 - INFO - Generated ML config
2026-04-19 15:44:01,222 - INFO - Starting model fitting
2026-04-19 15:44:02,131 - INFO - [Routing Decision] Cleaned status = yes
2026-04-19 15:44:02,132 - INFO - Starting query analysis
2026-04-19 15:44:02,873 - DEBUG - Model training completed successfullyRandomForestRegressor()
2026-04-19 15:44:02,875 - INFO - Computing model metrics
2026-04-19 15:44:02,876 - DEBUG - Task type: regression
2026-04-19 15:44:02,877 - DEBUG - Evaluation data shape: (299, 48), (299,)
2026-04-19 15:44:02,901 - INFO - Metrics computed successfully: {'MAE': 0.16327842809364582, 'MSE': 0.0899176797742476, 'RMSE': np.float64(0.299862768236151), 'R2': 0.9935053371233522}
2026-04-19 15:44:02,903 - INFO - Generating prediction from user query
2026-04-19 15:44:02,905 - INFO - Extracted features columns: []
2026-04-19 15:44:02,906 - INFO - Aligned input shape: (1, 48)
2026-04-19 15:44:02,922 - INFO - Raw prediction: [0.4745]
2026-04-19 15:44:02,923 - INFO - Final prediction result: {'question': 'Predict the Selling_Price of a swift car for the Year 2016 and 35,000 Kms_Driven.\n\n', 'inputs': {'message': 'Predict the Selling_Price of a swift car for the Year 2016 and 35,000 Kms_Driven.\n\n'}, 'prediction': 0.47450000000000014}
2026-04-19 15:44:03,044 - INFO - Identified ML problem type: clustering
2026-04-19 15:44:03,045 - INFO - Routing decision: clustering
2026-04-19 15:44:04,065 - INFO - Selected features: ['selling_price', 'kms_driven']
2026-04-19 15:44:04,085 - INFO - K=2, silhouette score=0.3607
2026-04-19 15:44:04,104 - INFO - K=3, silhouette score=0.4065
2026-04-19 15:44:04,122 - INFO - K=4, silhouette score=0.4112
2026-04-19 15:44:04,140 - INFO - K=5, silhouette score=0.4313
2026-04-19 15:44:04,159 - INFO - K=6, silhouette score=0.4336
2026-04-19 15:44:04,173 - INFO - Generated explanation for prediction
2026-04-19 15:44:04,179 - INFO - K=7, silhouette score=0.4354
2026-04-19 15:44:04,205 - INFO - K=8, silhouette score=0.4386
2026-04-19 15:44:04,235 - INFO - K=9, silhouette score=0.3851
2026-04-19 15:44:04,252 - INFO - K=10, silhouette score=0.4145
2026-04-19 15:44:04,270 - INFO - Final clustering done with k=8, labels attached to df
2026-04-19 15:44:06,697 - INFO - LLM generated visualization code successfully.
2026-04-19 15:44:15,489 - INFO - Profile Interpretation Generated
2026-04-19 15:45:27,418 - INFO - Starting dynamic data cleaning process
2026-04-19 15:45:27,475 - INFO - Dynamic data cleaning process completed successfully
2026-04-19 15:45:27,475 - INFO - Generating validation report...
2026-04-19 15:45:27,539 - DEBUG - {'shape': (299, 9), 'columns': ['car_name', 'year', 'selling_price', 'present_price', 'kms_driven', 'fuel_type', 'seller_type', 'transmission', 'owner'], 'null_counts': {'car_name': 0, 'year': 0, 'selling_price': 0, 'present_price': 0, 'kms_driven': 0, 'fuel_type': 0, 'seller_type': 0, 'transmission': 0, 'owner': 0}, 'duplicate_rows': 0, 'dtypes': {'car_name': 'object', 'year': 'float64', 'selling_price': 'float64', 'present_price': 'float64', 'kms_driven': 'float64', 'fuel_type': 'object', 'seller_type': 'object', 'transmission': 'object', 'owner': 'float64'}, 'numeric_summary': {'year': {'count': 299.0, 'mean': 2013.6555183946489, 'std': 2.773023447871607, 'min': 2006.0, '25%': 2012.0, '50%': 2014.0, '75%': 2016.0, 'max': 2018.0}, 'selling_price': {'count': 299.0, 'mean': 4.233377926421405, 'std': 3.7271056335543, 'min': 0.1, '25%': 0.8500000000000001, '50%': 3.51, '75%': 6.0, 'max': 13.725000000000001}, 'present_price': {'count': 299.0, 'mean': 7.004448160535117, 'std': 6.092973897250185, 'min': 0.32, '25%': 1.2, '50%': 6.1, '75%': 9.84, 'max': 22.8}, 'kms_driven': {'count': 299.0, 'mean': 34387.09698996656, 'std': 23819.913772791995, 'min': 500.0, '25%': 15000.0, '50%': 32000.0, '75%': 48883.5, 'max': 99708.75}, 'owner': {'count': 299.0, 'mean': 0.0, 'std': 0.0, 'min': 0.0, '25%': 0.0, '50%': 0.0, '75%': 0.0, 'max': 0.0}}, 'categorical_summary': {'car_name': {'count': 299, 'unique': 98, 'top': 'city', 'freq': 26}, 'fuel_type': {'count': 299, 'unique': 3, 'top': 'Petrol', 'freq': 239}, 'seller_type': {'count': 299, 'unique': 2, 'top': 'Dealer', 'freq': 193}, 'transmission': {'count': 299, 'unique': 2, 'top': 'Manual', 'freq': 260}}, 'datetime_summary': {}}
2026-04-19 15:45:56,005 - INFO - [Routing Decision] Cleaned status = yes
2026-04-19 15:45:56,012 - INFO - Starting query analysis
2026-04-19 15:46:00,102 - INFO - Identified ML problem type: clustering
2026-04-19 15:46:00,103 - INFO - Routing decision: clustering
2026-04-19 15:46:02,268 - INFO - Selected features: ['selling_price', 'kms_driven']
2026-04-19 15:46:02,313 - INFO - K=2, silhouette score=0.3607
2026-04-19 15:46:02,339 - INFO - K=3, silhouette score=0.4065
2026-04-19 15:46:02,368 - INFO - K=4, silhouette score=0.4112
2026-04-19 15:46:02,396 - INFO - K=5, silhouette score=0.4313
2026-04-19 15:46:02,422 - INFO - K=6, silhouette score=0.4336
2026-04-19 15:46:02,447 - INFO - K=7, silhouette score=0.4354
2026-04-19 15:46:02,470 - INFO - K=8, silhouette score=0.4386
2026-04-19 15:46:02,498 - INFO - K=9, silhouette score=0.3851
2026-04-19 15:46:02,530 - INFO - K=10, silhouette score=0.4145
2026-04-19 15:46:02,556 - INFO - Final clustering done with k=8, labels attached to df
2026-04-19 15:46:04,605 - INFO - LLM generated visualization code successfully.
2026-04-19 15:46:18,632 - INFO - Profile Interpretation Generated
2026-04-19 15:47:08,044 - INFO - Starting dynamic data cleaning process
2026-04-19 15:47:08,096 - INFO - Dynamic data cleaning process completed successfully
2026-04-19 15:47:08,104 - INFO - Generating validation report...
2026-04-19 15:47:08,145 - DEBUG - {'shape': (299, 9), 'columns': ['car_name', 'year', 'selling_price', 'present_price', 'kms_driven', 'fuel_type', 'seller_type', 'transmission', 'owner'], 'null_counts': {'car_name': 0, 'year': 0, 'selling_price': 0, 'present_price': 0, 'kms_driven': 0, 'fuel_type': 0, 'seller_type': 0, 'transmission': 0, 'owner': 0}, 'duplicate_rows': 0, 'dtypes': {'car_name': 'object', 'year': 'float64', 'selling_price': 'float64', 'present_price': 'float64', 'kms_driven': 'float64', 'fuel_type': 'object', 'seller_type': 'object', 'transmission': 'object', 'owner': 'float64'}, 'numeric_summary': {'year': {'count': 299.0, 'mean': 2013.6555183946489, 'std': 2.773023447871607, 'min': 2006.0, '25%': 2012.0, '50%': 2014.0, '75%': 2016.0, 'max': 2018.0}, 'selling_price': {'count': 299.0, 'mean': 4.233377926421405, 'std': 3.7271056335543, 'min': 0.1, '25%': 0.8500000000000001, '50%': 3.51, '75%': 6.0, 'max': 13.725000000000001}, 'present_price': {'count': 299.0, 'mean': 7.004448160535117, 'std': 6.092973897250185, 'min': 0.32, '25%': 1.2, '50%': 6.1, '75%': 9.84, 'max': 22.8}, 'kms_driven': {'count': 299.0, 'mean': 34387.09698996656, 'std': 23819.913772791995, 'min': 500.0, '25%': 15000.0, '50%': 32000.0, '75%': 48883.5, 'max': 99708.75}, 'owner': {'count': 299.0, 'mean': 0.0, 'std': 0.0, 'min': 0.0, '25%': 0.0, '50%': 0.0, '75%': 0.0, 'max': 0.0}}, 'categorical_summary': {'car_name': {'count': 299, 'unique': 98, 'top': 'city', 'freq': 26}, 'fuel_type': {'count': 299, 'unique': 3, 'top': 'Petrol', 'freq': 239}, 'seller_type': {'count': 299, 'unique': 2, 'top': 'Dealer', 'freq': 193}, 'transmission': {'count': 299, 'unique': 2, 'top': 'Manual', 'freq': 260}}, 'datetime_summary': {}}
2026-04-19 15:47:08,912 - INFO - [Routing Decision] Cleaned status = yes
2026-04-19 15:47:08,940 - INFO - Starting query analysis
2026-04-19 15:47:09,730 - INFO - Identified ML problem type: clustering
2026-04-19 15:47:09,731 - INFO - Routing decision: clustering
2026-04-19 15:47:10,757 - INFO - Selected features: ['year', 'selling_price', 'kms_driven']
2026-04-19 15:47:10,830 - INFO - K=2, silhouette score=0.2710
2026-04-19 15:47:10,839 - INFO - K=3, silhouette score=0.3294
2026-04-19 15:47:10,846 - INFO - K=4, silhouette score=0.3417
2026-04-19 15:47:10,863 - INFO - K=5, silhouette score=0.3206
2026-04-19 15:47:10,870 - INFO - K=6, silhouette score=0.3559
2026-04-19 15:47:10,878 - INFO - K=7, silhouette score=0.3396
2026-04-19 15:47:10,888 - INFO - K=8, silhouette score=0.2986
2026-04-19 15:47:10,894 - INFO - K=9, silhouette score=0.3266
2026-04-19 15:47:10,904 - INFO - K=10, silhouette score=0.3288
2026-04-19 15:47:10,934 - INFO - Final clustering done with k=6, labels attached to df
2026-04-19 15:47:13,022 - INFO - LLM generated visualization code successfully.
2026-04-19 15:47:18,750 - INFO - Profile Interpretation Generated
2026-04-19 15:47:51,010 - INFO - Starting dynamic data cleaning process
2026-04-19 15:47:51,157 - INFO - Dynamic data cleaning process completed successfully
2026-04-19 15:47:51,157 - INFO - Generating validation report...
2026-04-19 15:47:51,193 - DEBUG - {'shape': (299, 9), 'columns': ['car_name', 'year', 'selling_price', 'present_price', 'kms_driven', 'fuel_type', 'seller_type', 'transmission', 'owner'], 'null_counts': {'car_name': 0, 'year': 0, 'selling_price': 0, 'present_price': 0, 'kms_driven': 0, 'fuel_type': 0, 'seller_type': 0, 'transmission': 0, 'owner': 0}, 'duplicate_rows': 0, 'dtypes': {'car_name': 'object', 'year': 'float64', 'selling_price': 'float64', 'present_price': 'float64', 'kms_driven': 'float64', 'fuel_type': 'object', 'seller_type': 'object', 'transmission': 'object', 'owner': 'float64'}, 'numeric_summary': {'year': {'count': 299.0, 'mean': 2013.6555183946489, 'std': 2.773023447871607, 'min': 2006.0, '25%': 2012.0, '50%': 2014.0, '75%': 2016.0, 'max': 2018.0}, 'selling_price': {'count': 299.0, 'mean': 4.233377926421405, 'std': 3.7271056335543, 'min': 0.1, '25%': 0.8500000000000001, '50%': 3.51, '75%': 6.0, 'max': 13.725000000000001}, 'present_price': {'count': 299.0, 'mean': 7.004448160535117, 'std': 6.092973897250185, 'min': 0.32, '25%': 1.2, '50%': 6.1, '75%': 9.84, 'max': 22.8}, 'kms_driven': {'count': 299.0, 'mean': 34387.09698996656, 'std': 23819.913772791995, 'min': 500.0, '25%': 15000.0, '50%': 32000.0, '75%': 48883.5, 'max': 99708.75}, 'owner': {'count': 299.0, 'mean': 0.0, 'std': 0.0, 'min': 0.0, '25%': 0.0, '50%': 0.0, '75%': 0.0, 'max': 0.0}}, 'categorical_summary': {'car_name': {'count': 299, 'unique': 98, 'top': 'city', 'freq': 26}, 'fuel_type': {'count': 299, 'unique': 3, 'top': 'Petrol', 'freq': 239}, 'seller_type': {'count': 299, 'unique': 2, 'top': 'Dealer', 'freq': 193}, 'transmission': {'count': 299, 'unique': 2, 'top': 'Manual', 'freq': 260}}, 'datetime_summary': {}}
2026-04-19 15:47:52,637 - INFO - [Routing Decision] Cleaned status = yes
2026-04-19 15:47:52,637 - INFO - Starting query analysis
2026-04-19 15:47:53,554 - INFO - Identified ML problem type: clustering
2026-04-19 15:47:53,554 - INFO - Routing decision: clustering
2026-04-19 15:47:54,556 - INFO - Selected features: ['selling_price', 'kms_driven']
2026-04-19 15:47:54,594 - INFO - K=2, silhouette score=0.3607
2026-04-19 15:47:54,619 - INFO - K=3, silhouette score=0.4065
2026-04-19 15:47:54,644 - INFO - K=4, silhouette score=0.4112
2026-04-19 15:47:54,668 - INFO - K=5, silhouette score=0.4313
2026-04-19 15:47:54,697 - INFO - K=6, silhouette score=0.4336
2026-04-19 15:47:54,718 - INFO - K=7, silhouette score=0.4354
2026-04-19 15:47:54,741 - INFO - K=8, silhouette score=0.4386
2026-04-19 15:47:54,765 - INFO - K=9, silhouette score=0.3851
2026-04-19 15:47:54,790 - INFO - K=10, silhouette score=0.4145
2026-04-19 15:47:54,807 - INFO - Final clustering done with k=8, labels attached to df
2026-04-19 15:47:56,906 - INFO - LLM generated visualization code successfully.
2026-04-19 15:48:11,791 - INFO - Profile Interpretation Generated
2026-04-19 15:50:38,130 - INFO - Starting dynamic data cleaning process
2026-04-19 15:50:38,299 - INFO - Dynamic data cleaning process completed successfully
2026-04-19 15:50:38,300 - INFO - Generating validation report...
2026-04-19 15:50:38,366 - DEBUG - {'shape': (299, 9), 'columns': ['car_name', 'year', 'selling_price', 'present_price', 'kms_driven', 'fuel_type', 'seller_type', 'transmission', 'owner'], 'null_counts': {'car_name': 0, 'year': 0, 'selling_price': 0, 'present_price': 0, 'kms_driven': 0, 'fuel_type': 0, 'seller_type': 0, 'transmission': 0, 'owner': 0}, 'duplicate_rows': 0, 'dtypes': {'car_name': 'object', 'year': 'float64', 'selling_price': 'float64', 'present_price': 'float64', 'kms_driven': 'float64', 'fuel_type': 'object', 'seller_type': 'object', 'transmission': 'object', 'owner': 'float64'}, 'numeric_summary': {'year': {'count': 299.0, 'mean': 2013.6555183946489, 'std': 2.773023447871607, 'min': 2006.0, '25%': 2012.0, '50%': 2014.0, '75%': 2016.0, 'max': 2018.0}, 'selling_price': {'count': 299.0, 'mean': 4.233377926421405, 'std': 3.7271056335543, 'min': 0.1, '25%': 0.8500000000000001, '50%': 3.51, '75%': 6.0, 'max': 13.725000000000001}, 'present_price': {'count': 299.0, 'mean': 7.004448160535117, 'std': 6.092973897250185, 'min': 0.32, '25%': 1.2, '50%': 6.1, '75%': 9.84, 'max': 22.8}, 'kms_driven': {'count': 299.0, 'mean': 34387.09698996656, 'std': 23819.913772791995, 'min': 500.0, '25%': 15000.0, '50%': 32000.0, '75%': 48883.5, 'max': 99708.75}, 'owner': {'count': 299.0, 'mean': 0.0, 'std': 0.0, 'min': 0.0, '25%': 0.0, '50%': 0.0, '75%': 0.0, 'max': 0.0}}, 'categorical_summary': {'car_name': {'count': 299, 'unique': 98, 'top': 'city', 'freq': 26}, 'fuel_type': {'count': 299, 'unique': 3, 'top': 'Petrol', 'freq': 239}, 'seller_type': {'count': 299, 'unique': 2, 'top': 'Dealer', 'freq': 193}, 'transmission': {'count': 299, 'unique': 2, 'top': 'Manual', 'freq': 260}}, 'datetime_summary': {}}
2026-04-19 15:50:49,889 - INFO - [Routing Decision] Cleaned status = yes
2026-04-19 15:50:49,897 - INFO - Starting query analysis
2026-04-19 15:50:51,887 - INFO - Starting dynamic data cleaning process
2026-04-19 15:50:51,936 - INFO - Dynamic data cleaning process completed successfully
2026-04-19 15:50:51,936 - INFO - Generating validation report...
2026-04-19 15:50:51,969 - DEBUG - {'shape': (299, 9), 'columns': ['car_name', 'year', 'selling_price', 'present_price', 'kms_driven', 'fuel_type', 'seller_type', 'transmission', 'owner'], 'null_counts': {'car_name': 0, 'year': 0, 'selling_price': 0, 'present_price': 0, 'kms_driven': 0, 'fuel_type': 0, 'seller_type': 0, 'transmission': 0, 'owner': 0}, 'duplicate_rows': 0, 'dtypes': {'car_name': 'object', 'year': 'float64', 'selling_price': 'float64', 'present_price': 'float64', 'kms_driven': 'float64', 'fuel_type': 'object', 'seller_type': 'object', 'transmission': 'object', 'owner': 'float64'}, 'numeric_summary': {'year': {'count': 299.0, 'mean': 2013.6555183946489, 'std': 2.773023447871607, 'min': 2006.0, '25%': 2012.0, '50%': 2014.0, '75%': 2016.0, 'max': 2018.0}, 'selling_price': {'count': 299.0, 'mean': 4.233377926421405, 'std': 3.7271056335543, 'min': 0.1, '25%': 0.8500000000000001, '50%': 3.51, '75%': 6.0, 'max': 13.725000000000001}, 'present_price': {'count': 299.0, 'mean': 7.004448160535117, 'std': 6.092973897250185, 'min': 0.32, '25%': 1.2, '50%': 6.1, '75%': 9.84, 'max': 22.8}, 'kms_driven': {'count': 299.0, 'mean': 34387.09698996656, 'std': 23819.913772791995, 'min': 500.0, '25%': 15000.0, '50%': 32000.0, '75%': 48883.5, 'max': 99708.75}, 'owner': {'count': 299.0, 'mean': 0.0, 'std': 0.0, 'min': 0.0, '25%': 0.0, '50%': 0.0, '75%': 0.0, 'max': 0.0}}, 'categorical_summary': {'car_name': {'count': 299, 'unique': 98, 'top': 'city', 'freq': 26}, 'fuel_type': {'count': 299, 'unique': 3, 'top': 'Petrol', 'freq': 239}, 'seller_type': {'count': 299, 'unique': 2, 'top': 'Dealer', 'freq': 193}, 'transmission': {'count': 299, 'unique': 2, 'top': 'Manual', 'freq': 260}}, 'datetime_summary': {}}
2026-04-19 15:50:54,011 - INFO - [Routing Decision] Cleaned status = yes
2026-04-19 15:50:54,011 - INFO - Starting query analysis
2026-04-19 15:50:55,754 - INFO - Identified ML problem type: clustering
2026-04-19 15:50:55,754 - INFO - Routing decision: clustering
2026-04-19 15:50:56,717 - INFO - Identified ML problem type: regression
2026-04-19 15:50:56,732 - INFO - Routing decision: regression
2026-04-19 15:50:56,734 - INFO - Determining target column
2026-04-19 15:50:56,938 - INFO - Selected features: ['year', 'selling_price']
2026-04-19 15:50:58,391 - INFO - Chosen target column: selling_price
2026-04-19 15:50:58,396 - INFO - Detected column types: {'numeric': ['year', 'present_price', 'kms_driven', 'owner'], 'categorical': ['fuel_type', 'seller_type', 'transmission'], 'text': ['car_name'], 'datetime': [], 'boolean': []}
2026-04-19 15:50:58,411 - INFO - Extracted features columns: ['car_name_tfidf_0', 'car_name_tfidf_1', 'car_name_tfidf_2', 'car_name_tfidf_3', 'car_name_tfidf_4', 'car_name_tfidf_5', 'car_name_tfidf_6', 'car_name_tfidf_7', 'car_name_tfidf_8', 'car_name_tfidf_9', 'car_name_tfidf_10', 'car_name_tfidf_11', 'car_name_tfidf_12', 'car_name_tfidf_13', 'car_name_tfidf_14', 'car_name_tfidf_15', 'car_name_tfidf_16', 'car_name_tfidf_17', 'car_name_tfidf_18', 'car_name_tfidf_19', 'car_name_tfidf_20', 'car_name_tfidf_21', 'car_name_tfidf_22', 'car_name_tfidf_23', 'car_name_tfidf_24', 'car_name_tfidf_25', 'car_name_tfidf_26', 'car_name_tfidf_27', 'car_name_tfidf_28', 'car_name_tfidf_29', 'car_name_tfidf_30', 'car_name_tfidf_31', 'car_name_tfidf_32', 'car_name_tfidf_33', 'car_name_tfidf_34', 'car_name_tfidf_35', 'car_name_tfidf_36', 'car_name_tfidf_37', 'car_name_tfidf_38', 'car_name_tfidf_39', 'year', 'present_price', 'kms_driven', 'fuel_type_CNG', 'fuel_type_Diesel', 'fuel_type_Petrol', 'seller_type_Dealer', 'seller_type_Individual', 'transmission_Automatic', 'transmission_Manual', 'owner']
2026-04-19 15:50:58,660 - INFO - K=2, silhouette score=0.3722
2026-04-19 15:50:58,670 - INFO - K=3, silhouette score=0.4151
2026-04-19 15:50:58,681 - INFO - K=4, silhouette score=0.4316
2026-04-19 15:50:58,692 - INFO - K=5, silhouette score=0.4315
2026-04-19 15:50:58,703 - INFO - K=6, silhouette score=0.4329
2026-04-19 15:50:58,712 - INFO - K=7, silhouette score=0.4172
2026-04-19 15:50:58,719 - INFO - K=8, silhouette score=0.4215
2026-04-19 15:50:58,729 - INFO - K=9, silhouette score=0.4217
2026-04-19 15:50:58,737 - INFO - K=10, silhouette score=0.4283
2026-04-19 15:50:58,745 - INFO - Final clustering done with k=6, labels attached to df
2026-04-19 15:50:59,114 - INFO - Final features after LLM enhancement: ['car_name_tfidf_10', 'seller_type_Dealer', 'car_name_tfidf_17', 'car_name_tfidf_1', 'car_name_tfidf_0', 'car_name_tfidf_38', 'car_name_tfidf_29', 'car_name_tfidf_31', 'car_name_tfidf_28', 'car_name_tfidf_30', 'car_name_tfidf_39', 'kms_driven', 'transmission_Manual', 'car_name_tfidf_9', 'car_name_tfidf_23', 'car_name_tfidf_21', 'car_name_tfidf_13', 'car_name_tfidf_34', 'fuel_type_Diesel', 'car_name_tfidf_4', 'car_name_tfidf_5', 'car_name_tfidf_8', 'car_name_tfidf_16', 'car_name_tfidf_27', 'fuel_type_Petrol', 'car_name_tfidf_37', 'car_name_tfidf_26', 'car_name_tfidf_15', 'car_name_tfidf_11', 'car_name_tfidf_19', 'car_name_tfidf_25', 'car_name_tfidf_36', 'car_name_tfidf_32', 'car_name_tfidf_22', 'car_name_tfidf_2', 'transmission_Automatic', 'seller_type_Individual', 'present_price', 'year', 'car_name_tfidf_35', 'fuel_type_CNG', 'car_name_tfidf_6', 'car_name_tfidf_24', 'car_name_tfidf_33', 'car_name_tfidf_18', 'car_name_tfidf_14', 'car_name_tfidf_3', 'car_name_tfidf_12']
2026-04-19 15:51:01,297 - INFO - LLM generated visualization code successfully.
2026-04-19 15:51:01,883 - INFO - Generated ML config
2026-04-19 15:51:01,883 - INFO - Starting model fitting
2026-04-19 15:51:03,316 - DEBUG - Model training completed successfullyRandomForestRegressor(random_state=42)
2026-04-19 15:51:03,316 - INFO - Computing model metrics
2026-04-19 15:51:03,316 - DEBUG - Task type: regression
2026-04-19 15:51:03,316 - DEBUG - Evaluation data shape: (299, 48), (299,)
2026-04-19 15:51:03,326 - INFO - Metrics computed successfully: {'MAE': 0.16517926421404724, 'MSE': 0.09418439571906367, 'RMSE': np.float64(0.3068947632643211), 'R2': 0.9931971565550639}
2026-04-19 15:51:03,326 - INFO - Generating prediction from user query
2026-04-19 15:51:03,327 - INFO - Extracted features columns: []
2026-04-19 15:51:03,328 - INFO - Aligned input shape: (1, 48)
2026-04-19 15:51:03,332 - INFO - Raw prediction: [0.4384]
2026-04-19 15:51:03,332 - INFO - Final prediction result: {'question': 'Predict the Selling_Price for a car from the Year 2015 with a Present_Price of 7.0 and 45,000 Kms_Driven.', 'inputs': {'message': 'Predict the Selling_Price for a car from the Year 2015 with a Present_Price of 7.0 and 45,000 Kms_Driven.'}, 'prediction': 0.43840000000000023}
2026-04-19 15:51:05,151 - INFO - Generated explanation for prediction
2026-04-19 15:51:08,691 - INFO - Profile Interpretation Generated
2026-04-19 15:53:04,282 - INFO - Starting dynamic data cleaning process
2026-04-19 15:53:04,337 - INFO - Dynamic data cleaning process completed successfully
2026-04-19 15:53:04,339 - INFO - Generating validation report...
2026-04-19 15:53:04,372 - DEBUG - {'shape': (299, 9), 'columns': ['car_name', 'year', 'selling_price', 'present_price', 'kms_driven', 'fuel_type', 'seller_type', 'transmission', 'owner'], 'null_counts': {'car_name': 0, 'year': 0, 'selling_price': 0, 'present_price': 0, 'kms_driven': 0, 'fuel_type': 0, 'seller_type': 0, 'transmission': 0, 'owner': 0}, 'duplicate_rows': 0, 'dtypes': {'car_name': 'object', 'year': 'float64', 'selling_price': 'float64', 'present_price': 'float64', 'kms_driven': 'float64', 'fuel_type': 'object', 'seller_type': 'object', 'transmission': 'object', 'owner': 'float64'}, 'numeric_summary': {'year': {'count': 299.0, 'mean': 2013.6555183946489, 'std': 2.773023447871607, 'min': 2006.0, '25%': 2012.0, '50%': 2014.0, '75%': 2016.0, 'max': 2018.0}, 'selling_price': {'count': 299.0, 'mean': 4.233377926421405, 'std': 3.7271056335543, 'min': 0.1, '25%': 0.8500000000000001, '50%': 3.51, '75%': 6.0, 'max': 13.725000000000001}, 'present_price': {'count': 299.0, 'mean': 7.004448160535117, 'std': 6.092973897250185, 'min': 0.32, '25%': 1.2, '50%': 6.1, '75%': 9.84, 'max': 22.8}, 'kms_driven': {'count': 299.0, 'mean': 34387.09698996656, 'std': 23819.913772791995, 'min': 500.0, '25%': 15000.0, '50%': 32000.0, '75%': 48883.5, 'max': 99708.75}, 'owner': {'count': 299.0, 'mean': 0.0, 'std': 0.0, 'min': 0.0, '25%': 0.0, '50%': 0.0, '75%': 0.0, 'max': 0.0}}, 'categorical_summary': {'car_name': {'count': 299, 'unique': 98, 'top': 'city', 'freq': 26}, 'fuel_type': {'count': 299, 'unique': 3, 'top': 'Petrol', 'freq': 239}, 'seller_type': {'count': 299, 'unique': 2, 'top': 'Dealer', 'freq': 193}, 'transmission': {'count': 299, 'unique': 2, 'top': 'Manual', 'freq': 260}}, 'datetime_summary': {}}
2026-04-19 15:53:05,475 - INFO - [Routing Decision] Cleaned status = yes
2026-04-19 15:53:05,475 - INFO - Starting query analysis
2026-04-19 15:53:06,599 - INFO - Identified ML problem type: clustering
2026-04-19 15:53:06,601 - INFO - Routing decision: clustering
2026-04-19 15:53:07,735 - INFO - Selected features: ['year', 'selling_price']
2026-04-19 15:53:07,765 - INFO - K=2, silhouette score=0.3722
2026-04-19 15:53:07,796 - INFO - K=3, silhouette score=0.4151
2026-04-19 15:53:07,817 - INFO - K=4, silhouette score=0.4316
2026-04-19 15:53:07,842 - INFO - K=5, silhouette score=0.4315
2026-04-19 15:53:07,865 - INFO - K=6, silhouette score=0.4329
2026-04-19 15:53:07,891 - INFO - K=7, silhouette score=0.4172
2026-04-19 15:53:07,913 - INFO - K=8, silhouette score=0.4215
2026-04-19 15:53:07,938 - INFO - K=9, silhouette score=0.4217
2026-04-19 15:53:07,963 - INFO - K=10, silhouette score=0.4283
2026-04-19 15:53:07,987 - INFO - Final clustering done with k=6, labels attached to df
2026-04-19 15:53:10,489 - INFO - LLM generated visualization code successfully.
2026-04-19 15:53:19,033 - INFO - Profile Interpretation Generated
2026-04-19 15:57:42,779 - INFO - Starting dynamic data cleaning process
2026-04-19 15:57:43,101 - INFO - Dynamic data cleaning process completed successfully
2026-04-19 15:57:43,119 - INFO - Generating validation report...
2026-04-19 15:57:43,150 - DEBUG - {'shape': (299, 9), 'columns': ['car_name', 'year', 'selling_price', 'present_price', 'kms_driven', 'fuel_type', 'seller_type', 'transmission', 'owner'], 'null_counts': {'car_name': 0, 'year': 0, 'selling_price': 0, 'present_price': 0, 'kms_driven': 0, 'fuel_type': 0, 'seller_type': 0, 'transmission': 0, 'owner': 0}, 'duplicate_rows': 0, 'dtypes': {'car_name': 'object', 'year': 'float64', 'selling_price': 'float64', 'present_price': 'float64', 'kms_driven': 'float64', 'fuel_type': 'object', 'seller_type': 'object', 'transmission': 'object', 'owner': 'float64'}, 'numeric_summary': {'year': {'count': 299.0, 'mean': 2013.6555183946489, 'std': 2.773023447871607, 'min': 2006.0, '25%': 2012.0, '50%': 2014.0, '75%': 2016.0, 'max': 2018.0}, 'selling_price': {'count': 299.0, 'mean': 4.233377926421405, 'std': 3.7271056335543, 'min': 0.1, '25%': 0.8500000000000001, '50%': 3.51, '75%': 6.0, 'max': 13.725000000000001}, 'present_price': {'count': 299.0, 'mean': 7.004448160535117, 'std': 6.092973897250185, 'min': 0.32, '25%': 1.2, '50%': 6.1, '75%': 9.84, 'max': 22.8}, 'kms_driven': {'count': 299.0, 'mean': 34387.09698996656, 'std': 23819.913772791995, 'min': 500.0, '25%': 15000.0, '50%': 32000.0, '75%': 48883.5, 'max': 99708.75}, 'owner': {'count': 299.0, 'mean': 0.0, 'std': 0.0, 'min': 0.0, '25%': 0.0, '50%': 0.0, '75%': 0.0, 'max': 0.0}}, 'categorical_summary': {'car_name': {'count': 299, 'unique': 98, 'top': 'city', 'freq': 26}, 'fuel_type': {'count': 299, 'unique': 3, 'top': 'Petrol', 'freq': 239}, 'seller_type': {'count': 299, 'unique': 2, 'top': 'Dealer', 'freq': 193}, 'transmission': {'count': 299, 'unique': 2, 'top': 'Manual', 'freq': 260}}, 'datetime_summary': {}}
2026-04-19 15:57:52,609 - INFO - [Routing Decision] Cleaned status = yes
2026-04-19 15:57:52,612 - INFO - Starting query analysis
2026-04-19 15:57:53,628 - INFO - Identified ML problem type: clustering
2026-04-19 15:57:53,631 - INFO - Routing decision: clustering
2026-04-19 15:57:55,177 - INFO - STRICT features selected: ['selling_price', 'year']
2026-04-19 15:57:55,205 - INFO - K=2, silhouette score=0.3722
2026-04-19 15:57:55,213 - INFO - K=3, silhouette score=0.4151
2026-04-19 15:57:55,221 - INFO - K=4, silhouette score=0.4316
2026-04-19 15:57:55,230 - INFO - K=5, silhouette score=0.4315
2026-04-19 15:57:55,242 - INFO - K=6, silhouette score=0.4329
2026-04-19 15:57:55,246 - INFO - K=7, silhouette score=0.4172
2026-04-19 15:57:55,254 - INFO - K=8, silhouette score=0.4215
2026-04-19 15:57:55,263 - INFO - K=9, silhouette score=0.4217
2026-04-19 15:57:55,263 - INFO - K=10, silhouette score=0.4283
2026-04-19 15:57:55,270 - INFO - Final clustering done with k=6, labels attached to df
2026-04-19 15:57:58,547 - INFO - LLM generated visualization code successfully.
2026-04-19 15:57:58,547 - ERROR - Error executing visualization code: name 'sns' is not defined
2026-04-19 15:59:07,207 - INFO - Starting dynamic data cleaning process
2026-04-19 15:59:07,286 - INFO - Dynamic data cleaning process completed successfully
2026-04-19 15:59:07,288 - INFO - Generating validation report...
2026-04-19 15:59:07,319 - DEBUG - {'shape': (299, 9), 'columns': ['car_name', 'year', 'selling_price', 'present_price', 'kms_driven', 'fuel_type', 'seller_type', 'transmission', 'owner'], 'null_counts': {'car_name': 0, 'year': 0, 'selling_price': 0, 'present_price': 0, 'kms_driven': 0, 'fuel_type': 0, 'seller_type': 0, 'transmission': 0, 'owner': 0}, 'duplicate_rows': 0, 'dtypes': {'car_name': 'object', 'year': 'float64', 'selling_price': 'float64', 'present_price': 'float64', 'kms_driven': 'float64', 'fuel_type': 'object', 'seller_type': 'object', 'transmission': 'object', 'owner': 'float64'}, 'numeric_summary': {'year': {'count': 299.0, 'mean': 2013.6555183946489, 'std': 2.773023447871607, 'min': 2006.0, '25%': 2012.0, '50%': 2014.0, '75%': 2016.0, 'max': 2018.0}, 'selling_price': {'count': 299.0, 'mean': 4.233377926421405, 'std': 3.7271056335543, 'min': 0.1, '25%': 0.8500000000000001, '50%': 3.51, '75%': 6.0, 'max': 13.725000000000001}, 'present_price': {'count': 299.0, 'mean': 7.004448160535117, 'std': 6.092973897250185, 'min': 0.32, '25%': 1.2, '50%': 6.1, '75%': 9.84, 'max': 22.8}, 'kms_driven': {'count': 299.0, 'mean': 34387.09698996656, 'std': 23819.913772791995, 'min': 500.0, '25%': 15000.0, '50%': 32000.0, '75%': 48883.5, 'max': 99708.75}, 'owner': {'count': 299.0, 'mean': 0.0, 'std': 0.0, 'min': 0.0, '25%': 0.0, '50%': 0.0, '75%': 0.0, 'max': 0.0}}, 'categorical_summary': {'car_name': {'count': 299, 'unique': 98, 'top': 'city', 'freq': 26}, 'fuel_type': {'count': 299, 'unique': 3, 'top': 'Petrol', 'freq': 239}, 'seller_type': {'count': 299, 'unique': 2, 'top': 'Dealer', 'freq': 193}, 'transmission': {'count': 299, 'unique': 2, 'top': 'Manual', 'freq': 260}}, 'datetime_summary': {}}
2026-04-19 15:59:19,035 - INFO - [Routing Decision] Cleaned status = yes
2026-04-19 15:59:19,040 - INFO - Starting query analysis
2026-04-19 15:59:20,335 - INFO - Identified ML problem type: clustering
2026-04-19 15:59:20,340 - INFO - Routing decision: clustering
2026-04-19 15:59:54,981 - INFO - STRICT features selected: ['selling_price', 'year']
2026-04-19 15:59:54,997 - INFO - K=2, silhouette score=0.3722
2026-04-19 15:59:55,001 - INFO - K=3, silhouette score=0.4151
2026-04-19 15:59:55,017 - INFO - K=4, silhouette score=0.4316
2026-04-19 15:59:55,025 - INFO - K=5, silhouette score=0.4315
2026-04-19 15:59:55,025 - INFO - K=6, silhouette score=0.4329
2026-04-19 15:59:55,042 - INFO - K=7, silhouette score=0.4172
2026-04-19 15:59:55,062 - INFO - K=8, silhouette score=0.4215
2026-04-19 15:59:55,079 - INFO - K=9, silhouette score=0.4217
2026-04-19 15:59:55,088 - INFO - K=10, silhouette score=0.4283
2026-04-19 15:59:55,095 - INFO - Final clustering done with k=6, labels attached to df
2026-04-19 16:00:01,024 - INFO - LLM generated visualization code successfully.
2026-04-19 16:01:20,088 - INFO - Starting dynamic data cleaning process
2026-04-19 16:01:20,182 - INFO - Dynamic data cleaning process completed successfully
2026-04-19 16:01:20,185 - INFO - Generating validation report...
2026-04-19 16:01:20,224 - DEBUG - {'shape': (299, 9), 'columns': ['car_name', 'year', 'selling_price', 'present_price', 'kms_driven', 'fuel_type', 'seller_type', 'transmission', 'owner'], 'null_counts': {'car_name': 0, 'year': 0, 'selling_price': 0, 'present_price': 0, 'kms_driven': 0, 'fuel_type': 0, 'seller_type': 0, 'transmission': 0, 'owner': 0}, 'duplicate_rows': 0, 'dtypes': {'car_name': 'object', 'year': 'float64', 'selling_price': 'float64', 'present_price': 'float64', 'kms_driven': 'float64', 'fuel_type': 'object', 'seller_type': 'object', 'transmission': 'object', 'owner': 'float64'}, 'numeric_summary': {'year': {'count': 299.0, 'mean': 2013.6555183946489, 'std': 2.773023447871607, 'min': 2006.0, '25%': 2012.0, '50%': 2014.0, '75%': 2016.0, 'max': 2018.0}, 'selling_price': {'count': 299.0, 'mean': 4.233377926421405, 'std': 3.7271056335543, 'min': 0.1, '25%': 0.8500000000000001, '50%': 3.51, '75%': 6.0, 'max': 13.725000000000001}, 'present_price': {'count': 299.0, 'mean': 7.004448160535117, 'std': 6.092973897250185, 'min': 0.32, '25%': 1.2, '50%': 6.1, '75%': 9.84, 'max': 22.8}, 'kms_driven': {'count': 299.0, 'mean': 34387.09698996656, 'std': 23819.913772791995, 'min': 500.0, '25%': 15000.0, '50%': 32000.0, '75%': 48883.5, 'max': 99708.75}, 'owner': {'count': 299.0, 'mean': 0.0, 'std': 0.0, 'min': 0.0, '25%': 0.0, '50%': 0.0, '75%': 0.0, 'max': 0.0}}, 'categorical_summary': {'car_name': {'count': 299, 'unique': 98, 'top': 'city', 'freq': 26}, 'fuel_type': {'count': 299, 'unique': 3, 'top': 'Petrol', 'freq': 239}, 'seller_type': {'count': 299, 'unique': 2, 'top': 'Dealer', 'freq': 193}, 'transmission': {'count': 299, 'unique': 2, 'top': 'Manual', 'freq': 260}}, 'datetime_summary': {}}
2026-04-19 16:02:01,424 - INFO - Starting dynamic data cleaning process
2026-04-19 16:02:01,507 - INFO - Dynamic data cleaning process completed successfully
2026-04-19 16:02:01,507 - INFO - Generating validation report...
2026-04-19 16:02:01,548 - DEBUG - {'shape': (299, 9), 'columns': ['car_name', 'year', 'selling_price', 'present_price', 'kms_driven', 'fuel_type', 'seller_type', 'transmission', 'owner'], 'null_counts': {'car_name': 0, 'year': 0, 'selling_price': 0, 'present_price': 0, 'kms_driven': 0, 'fuel_type': 0, 'seller_type': 0, 'transmission': 0, 'owner': 0}, 'duplicate_rows': 0, 'dtypes': {'car_name': 'object', 'year': 'float64', 'selling_price': 'float64', 'present_price': 'float64', 'kms_driven': 'float64', 'fuel_type': 'object', 'seller_type': 'object', 'transmission': 'object', 'owner': 'float64'}, 'numeric_summary': {'year': {'count': 299.0, 'mean': 2013.6555183946489, 'std': 2.773023447871607, 'min': 2006.0, '25%': 2012.0, '50%': 2014.0, '75%': 2016.0, 'max': 2018.0}, 'selling_price': {'count': 299.0, 'mean': 4.233377926421405, 'std': 3.7271056335543, 'min': 0.1, '25%': 0.8500000000000001, '50%': 3.51, '75%': 6.0, 'max': 13.725000000000001}, 'present_price': {'count': 299.0, 'mean': 7.004448160535117, 'std': 6.092973897250185, 'min': 0.32, '25%': 1.2, '50%': 6.1, '75%': 9.84, 'max': 22.8}, 'kms_driven': {'count': 299.0, 'mean': 34387.09698996656, 'std': 23819.913772791995, 'min': 500.0, '25%': 15000.0, '50%': 32000.0, '75%': 48883.5, 'max': 99708.75}, 'owner': {'count': 299.0, 'mean': 0.0, 'std': 0.0, 'min': 0.0, '25%': 0.0, '50%': 0.0, '75%': 0.0, 'max': 0.0}}, 'categorical_summary': {'car_name': {'count': 299, 'unique': 98, 'top': 'city', 'freq': 26}, 'fuel_type': {'count': 299, 'unique': 3, 'top': 'Petrol', 'freq': 239}, 'seller_type': {'count': 299, 'unique': 2, 'top': 'Dealer', 'freq': 193}, 'transmission': {'count': 299, 'unique': 2, 'top': 'Manual', 'freq': 260}}, 'datetime_summary': {}}
2026-04-19 16:02:02,161 - INFO - [Routing Decision] Cleaned status = yes
2026-04-19 16:02:02,163 - INFO - Starting query analysis
2026-04-19 16:02:16,389 - INFO - Starting dynamic data cleaning process
2026-04-19 16:02:16,495 - INFO - Dynamic data cleaning process completed successfully
2026-04-19 16:02:16,499 - INFO - Generating validation report...
2026-04-19 16:02:16,528 - DEBUG - {'shape': (299, 9), 'columns': ['car_name', 'year', 'selling_price', 'present_price', 'kms_driven', 'fuel_type', 'seller_type', 'transmission', 'owner'], 'null_counts': {'car_name': 0, 'year': 0, 'selling_price': 0, 'present_price': 0, 'kms_driven': 0, 'fuel_type': 0, 'seller_type': 0, 'transmission': 0, 'owner': 0}, 'duplicate_rows': 0, 'dtypes': {'car_name': 'object', 'year': 'float64', 'selling_price': 'float64', 'present_price': 'float64', 'kms_driven': 'float64', 'fuel_type': 'object', 'seller_type': 'object', 'transmission': 'object', 'owner': 'float64'}, 'numeric_summary': {'year': {'count': 299.0, 'mean': 2013.6555183946489, 'std': 2.773023447871607, 'min': 2006.0, '25%': 2012.0, '50%': 2014.0, '75%': 2016.0, 'max': 2018.0}, 'selling_price': {'count': 299.0, 'mean': 4.233377926421405, 'std': 3.7271056335543, 'min': 0.1, '25%': 0.8500000000000001, '50%': 3.51, '75%': 6.0, 'max': 13.725000000000001}, 'present_price': {'count': 299.0, 'mean': 7.004448160535117, 'std': 6.092973897250185, 'min': 0.32, '25%': 1.2, '50%': 6.1, '75%': 9.84, 'max': 22.8}, 'kms_driven': {'count': 299.0, 'mean': 34387.09698996656, 'std': 23819.913772791995, 'min': 500.0, '25%': 15000.0, '50%': 32000.0, '75%': 48883.5, 'max': 99708.75}, 'owner': {'count': 299.0, 'mean': 0.0, 'std': 0.0, 'min': 0.0, '25%': 0.0, '50%': 0.0, '75%': 0.0, 'max': 0.0}}, 'categorical_summary': {'car_name': {'count': 299, 'unique': 98, 'top': 'city', 'freq': 26}, 'fuel_type': {'count': 299, 'unique': 3, 'top': 'Petrol', 'freq': 239}, 'seller_type': {'count': 299, 'unique': 2, 'top': 'Dealer', 'freq': 193}, 'transmission': {'count': 299, 'unique': 2, 'top': 'Manual', 'freq': 260}}, 'datetime_summary': {}}
2026-04-19 16:02:27,849 - INFO - Starting dynamic data cleaning process
2026-04-19 16:02:27,898 - INFO - Dynamic data cleaning process completed successfully
2026-04-19 16:02:27,898 - INFO - Generating validation report...
2026-04-19 16:02:27,939 - DEBUG - {'shape': (299, 9), 'columns': ['car_name', 'year', 'selling_price', 'present_price', 'kms_driven', 'fuel_type', 'seller_type', 'transmission', 'owner'], 'null_counts': {'car_name': 0, 'year': 0, 'selling_price': 0, 'present_price': 0, 'kms_driven': 0, 'fuel_type': 0, 'seller_type': 0, 'transmission': 0, 'owner': 0}, 'duplicate_rows': 0, 'dtypes': {'car_name': 'object', 'year': 'float64', 'selling_price': 'float64', 'present_price': 'float64', 'kms_driven': 'float64', 'fuel_type': 'object', 'seller_type': 'object', 'transmission': 'object', 'owner': 'float64'}, 'numeric_summary': {'year': {'count': 299.0, 'mean': 2013.6555183946489, 'std': 2.773023447871607, 'min': 2006.0, '25%': 2012.0, '50%': 2014.0, '75%': 2016.0, 'max': 2018.0}, 'selling_price': {'count': 299.0, 'mean': 4.233377926421405, 'std': 3.7271056335543, 'min': 0.1, '25%': 0.8500000000000001, '50%': 3.51, '75%': 6.0, 'max': 13.725000000000001}, 'present_price': {'count': 299.0, 'mean': 7.004448160535117, 'std': 6.092973897250185, 'min': 0.32, '25%': 1.2, '50%': 6.1, '75%': 9.84, 'max': 22.8}, 'kms_driven': {'count': 299.0, 'mean': 34387.09698996656, 'std': 23819.913772791995, 'min': 500.0, '25%': 15000.0, '50%': 32000.0, '75%': 48883.5, 'max': 99708.75}, 'owner': {'count': 299.0, 'mean': 0.0, 'std': 0.0, 'min': 0.0, '25%': 0.0, '50%': 0.0, '75%': 0.0, 'max': 0.0}}, 'categorical_summary': {'car_name': {'count': 299, 'unique': 98, 'top': 'city', 'freq': 26}, 'fuel_type': {'count': 299, 'unique': 3, 'top': 'Petrol', 'freq': 239}, 'seller_type': {'count': 299, 'unique': 2, 'top': 'Dealer', 'freq': 193}, 'transmission': {'count': 299, 'unique': 2, 'top': 'Manual', 'freq': 260}}, 'datetime_summary': {}}
2026-04-19 16:03:01,862 - INFO - [Routing Decision] Cleaned status = yes
2026-04-19 16:03:01,863 - INFO - Starting query analysis
2026-04-19 16:03:02,985 - INFO - Identified ML problem type: clustering
2026-04-19 16:03:02,985 - INFO - Routing decision: clustering
2026-04-19 16:03:53,573 - INFO - Identified ML problem type: clustering
2026-04-19 16:03:53,573 - INFO - Routing decision: clustering
2026-04-19 16:03:56,236 - INFO - [Routing Decision] Cleaned status = yes
2026-04-19 16:03:56,239 - INFO - Starting query analysis
2026-04-19 16:03:58,491 - INFO - [Routing Decision] Cleaned status = yes
2026-04-19 16:03:58,491 - INFO - Starting query analysis
2026-04-19 16:03:58,510 - INFO - Selected features: ['selling_price', 'year']
2026-04-19 16:03:58,527 - INFO - K=2, silhouette score=0.3722
2026-04-19 16:03:58,542 - INFO - K=3, silhouette score=0.4151
2026-04-19 16:03:58,550 - INFO - K=4, silhouette score=0.4316
2026-04-19 16:03:58,559 - INFO - K=5, silhouette score=0.4315
2026-04-19 16:03:58,567 - INFO - K=6, silhouette score=0.4329
2026-04-19 16:03:58,576 - INFO - K=7, silhouette score=0.4172
2026-04-19 16:03:58,583 - INFO - K=8, silhouette score=0.4215
2026-04-19 16:03:58,592 - INFO - K=9, silhouette score=0.4217
2026-04-19 16:03:58,600 - INFO - K=10, silhouette score=0.4283
2026-04-19 16:03:58,609 - INFO - Final clustering done with k=6, labels attached to df
2026-04-19 16:04:06,985 - INFO - Identified ML problem type: clustering
2026-04-19 16:04:06,985 - INFO - Routing decision: clustering
2026-04-19 16:04:44,445 - INFO - Starting dynamic data cleaning process
2026-04-19 16:04:44,530 - INFO - Dynamic data cleaning process completed successfully
2026-04-19 16:04:44,531 - INFO - Generating validation report...
2026-04-19 16:04:44,568 - DEBUG - {'shape': (299, 9), 'columns': ['car_name', 'year', 'selling_price', 'present_price', 'kms_driven', 'fuel_type', 'seller_type', 'transmission', 'owner'], 'null_counts': {'car_name': 0, 'year': 0, 'selling_price': 0, 'present_price': 0, 'kms_driven': 0, 'fuel_type': 0, 'seller_type': 0, 'transmission': 0, 'owner': 0}, 'duplicate_rows': 0, 'dtypes': {'car_name': 'object', 'year': 'float64', 'selling_price': 'float64', 'present_price': 'float64', 'kms_driven': 'float64', 'fuel_type': 'object', 'seller_type': 'object', 'transmission': 'object', 'owner': 'float64'}, 'numeric_summary': {'year': {'count': 299.0, 'mean': 2013.6555183946489, 'std': 2.773023447871607, 'min': 2006.0, '25%': 2012.0, '50%': 2014.0, '75%': 2016.0, 'max': 2018.0}, 'selling_price': {'count': 299.0, 'mean': 4.233377926421405, 'std': 3.7271056335543, 'min': 0.1, '25%': 0.8500000000000001, '50%': 3.51, '75%': 6.0, 'max': 13.725000000000001}, 'present_price': {'count': 299.0, 'mean': 7.004448160535117, 'std': 6.092973897250185, 'min': 0.32, '25%': 1.2, '50%': 6.1, '75%': 9.84, 'max': 22.8}, 'kms_driven': {'count': 299.0, 'mean': 34387.09698996656, 'std': 23819.913772791995, 'min': 500.0, '25%': 15000.0, '50%': 32000.0, '75%': 48883.5, 'max': 99708.75}, 'owner': {'count': 299.0, 'mean': 0.0, 'std': 0.0, 'min': 0.0, '25%': 0.0, '50%': 0.0, '75%': 0.0, 'max': 0.0}}, 'categorical_summary': {'car_name': {'count': 299, 'unique': 98, 'top': 'city', 'freq': 26}, 'fuel_type': {'count': 299, 'unique': 3, 'top': 'Petrol', 'freq': 239}, 'seller_type': {'count': 299, 'unique': 2, 'top': 'Dealer', 'freq': 193}, 'transmission': {'count': 299, 'unique': 2, 'top': 'Manual', 'freq': 260}}, 'datetime_summary': {}}
2026-04-19 16:05:12,131 - INFO - Selected features: ['selling_price', 'year']
2026-04-19 16:05:12,158 - INFO - K=2, silhouette score=0.3722
2026-04-19 16:05:12,179 - INFO - K=3, silhouette score=0.4151
2026-04-19 16:05:12,201 - INFO - K=4, silhouette score=0.4316
2026-04-19 16:05:12,223 - INFO - K=5, silhouette score=0.4315
2026-04-19 16:05:12,244 - INFO - K=6, silhouette score=0.4329
2026-04-19 16:05:12,264 - INFO - K=7, silhouette score=0.4172
2026-04-19 16:05:12,284 - INFO - K=8, silhouette score=0.4215
2026-04-19 16:05:12,305 - INFO - K=9, silhouette score=0.4217
2026-04-19 16:05:12,327 - INFO - K=10, silhouette score=0.4283
2026-04-19 16:05:12,366 - INFO - Final clustering done with k=6, labels attached to df
2026-04-19 16:05:15,655 - INFO - [Routing Decision] Cleaned status = yes
2026-04-19 16:05:15,659 - INFO - Starting query analysis
2026-04-19 16:05:17,451 - INFO - Selected features: ['selling_price', 'year']
2026-04-19 16:05:17,482 - INFO - K=2, silhouette score=0.3722
2026-04-19 16:05:17,513 - INFO - K=3, silhouette score=0.4151
2026-04-19 16:05:17,536 - INFO - K=4, silhouette score=0.4316
2026-04-19 16:05:17,555 - INFO - K=5, silhouette score=0.4315
2026-04-19 16:05:17,580 - INFO - K=6, silhouette score=0.4329
2026-04-19 16:05:17,598 - INFO - K=7, silhouette score=0.4172
2026-04-19 16:05:17,617 - INFO - K=8, silhouette score=0.4215
2026-04-19 16:05:17,636 - INFO - K=9, silhouette score=0.4217
2026-04-19 16:05:17,650 - INFO - K=10, silhouette score=0.4283
2026-04-19 16:05:17,664 - INFO - Final clustering done with k=6, labels attached to df
2026-04-19 16:05:53,587 - INFO - LLM generated visualization code successfully.
2026-04-19 16:05:55,001 - INFO - Identified ML problem type: clustering
2026-04-19 16:05:55,003 - INFO - Routing decision: clustering
2026-04-19 16:06:00,510 - INFO - Identified ML problem type: clustering
2026-04-19 16:06:00,513 - INFO - Routing decision: clustering
2026-04-19 16:06:03,119 - INFO - Selected features: ['selling_price', 'year']
2026-04-19 16:06:03,142 - INFO - K=2, silhouette score=0.3722
2026-04-19 16:06:03,152 - INFO - K=3, silhouette score=0.4151
2026-04-19 16:06:03,160 - INFO - K=4, silhouette score=0.4316
2026-04-19 16:06:03,168 - INFO - K=5, silhouette score=0.4315
2026-04-19 16:06:03,176 - INFO - K=6, silhouette score=0.4329
2026-04-19 16:06:03,184 - INFO - K=7, silhouette score=0.4172
2026-04-19 16:06:03,193 - INFO - K=8, silhouette score=0.4215
2026-04-19 16:06:03,193 - INFO - K=9, silhouette score=0.4217
2026-04-19 16:06:03,201 - INFO - K=10, silhouette score=0.4283
2026-04-19 16:06:03,209 - INFO - Final clustering done with k=6, labels attached to df
2026-04-19 16:06:04,242 - INFO - LLM generated visualization code successfully.
2026-04-19 16:06:05,808 - INFO - Profile Interpretation Generated
2026-04-19 16:06:06,095 - INFO - LLM generated visualization code successfully.
2026-04-19 16:06:08,038 - INFO - Selected features: ['selling_price', 'year']
2026-04-19 16:06:08,072 - INFO - K=2, silhouette score=0.3722
2026-04-19 16:06:08,078 - INFO - K=3, silhouette score=0.4151
2026-04-19 16:06:08,107 - INFO - K=4, silhouette score=0.4316
2026-04-19 16:06:08,115 - INFO - K=5, silhouette score=0.4315
2026-04-19 16:06:08,131 - INFO - K=6, silhouette score=0.4329
2026-04-19 16:06:08,147 - INFO - K=7, silhouette score=0.4172
2026-04-19 16:06:08,164 - INFO - K=8, silhouette score=0.4215
2026-04-19 16:06:08,197 - INFO - K=9, silhouette score=0.4217
2026-04-19 16:06:08,210 - INFO - K=10, silhouette score=0.4283
2026-04-19 16:06:08,214 - INFO - Final clustering done with k=6, labels attached to df
2026-04-19 16:06:10,894 - INFO - LLM generated visualization code successfully.
2026-04-19 16:06:12,886 - INFO - Profile Interpretation Generated
2026-04-19 16:06:14,172 - INFO - LLM generated visualization code successfully.
2026-04-19 16:06:16,116 - INFO - Profile Interpretation Generated
2026-04-19 16:06:16,536 - INFO - Profile Interpretation Generated
2026-04-19 16:06:24,213 - INFO - Profile Interpretation Generated
2026-04-19 16:10:08,102 - INFO - Starting dynamic data cleaning process
2026-04-19 16:10:08,191 - INFO - Dynamic data cleaning process completed successfully
2026-04-19 16:10:08,200 - INFO - Generating validation report...
2026-04-19 16:10:08,257 - DEBUG - {'shape': (299, 9), 'columns': ['car_name', 'year', 'selling_price', 'present_price', 'kms_driven', 'fuel_type', 'seller_type', 'transmission', 'owner'], 'null_counts': {'car_name': 0, 'year': 0, 'selling_price': 0, 'present_price': 0, 'kms_driven': 0, 'fuel_type': 0, 'seller_type': 0, 'transmission': 0, 'owner': 0}, 'duplicate_rows': 0, 'dtypes': {'car_name': 'object', 'year': 'float64', 'selling_price': 'float64', 'present_price': 'float64', 'kms_driven': 'float64', 'fuel_type': 'object', 'seller_type': 'object', 'transmission': 'object', 'owner': 'float64'}, 'numeric_summary': {'year': {'count': 299.0, 'mean': 2013.6555183946489, 'std': 2.773023447871607, 'min': 2006.0, '25%': 2012.0, '50%': 2014.0, '75%': 2016.0, 'max': 2018.0}, 'selling_price': {'count': 299.0, 'mean': 4.233377926421405, 'std': 3.7271056335543, 'min': 0.1, '25%': 0.8500000000000001, '50%': 3.51, '75%': 6.0, 'max': 13.725000000000001}, 'present_price': {'count': 299.0, 'mean': 7.004448160535117, 'std': 6.092973897250185, 'min': 0.32, '25%': 1.2, '50%': 6.1, '75%': 9.84, 'max': 22.8}, 'kms_driven': {'count': 299.0, 'mean': 34387.09698996656, 'std': 23819.913772791995, 'min': 500.0, '25%': 15000.0, '50%': 32000.0, '75%': 48883.5, 'max': 99708.75}, 'owner': {'count': 299.0, 'mean': 0.0, 'std': 0.0, 'min': 0.0, '25%': 0.0, '50%': 0.0, '75%': 0.0, 'max': 0.0}}, 'categorical_summary': {'car_name': {'count': 299, 'unique': 98, 'top': 'city', 'freq': 26}, 'fuel_type': {'count': 299, 'unique': 3, 'top': 'Petrol', 'freq': 239}, 'seller_type': {'count': 299, 'unique': 2, 'top': 'Dealer', 'freq': 193}, 'transmission': {'count': 299, 'unique': 2, 'top': 'Manual', 'freq': 260}}, 'datetime_summary': {}}
2026-04-19 16:10:09,653 - INFO - [Routing Decision] Cleaned status = yes
2026-04-19 16:10:09,653 - INFO - Starting query analysis
2026-04-19 16:10:11,020 - INFO - Identified ML problem type: clustering
2026-04-19 16:10:11,020 - INFO - Routing decision: clustering
2026-04-19 16:10:20,170 - INFO - Selected features: ['selling_price', 'year']
2026-04-19 16:10:20,198 - INFO - K=2, silhouette score=0.3722
2026-04-19 16:10:20,205 - INFO - K=3, silhouette score=0.4151
2026-04-19 16:10:20,215 - INFO - K=4, silhouette score=0.4316
2026-04-19 16:10:20,222 - INFO - K=5, silhouette score=0.4315
2026-04-19 16:10:20,231 - INFO - K=6, silhouette score=0.4329
2026-04-19 16:10:20,239 - INFO - K=7, silhouette score=0.4172
2026-04-19 16:10:20,247 - INFO - K=8, silhouette score=0.4215
2026-04-19 16:10:20,255 - INFO - K=9, silhouette score=0.4217
2026-04-19 16:10:20,263 - INFO - K=10, silhouette score=0.4283
2026-04-19 16:10:20,263 - INFO - Final clustering done with k=6, labels attached to df
2026-04-19 16:10:26,392 - INFO - LLM generated visualization code successfully.
2026-04-19 16:10:47,481 - INFO - Profile Interpretation Generated
2026-04-19 16:12:44,378 - INFO - Starting dynamic data cleaning process
2026-04-19 16:12:44,428 - INFO - Dynamic data cleaning process completed successfully
2026-04-19 16:12:44,436 - INFO - Generating validation report...
2026-04-19 16:12:44,461 - DEBUG - {'shape': (299, 9), 'columns': ['car_name', 'year', 'selling_price', 'present_price', 'kms_driven', 'fuel_type', 'seller_type', 'transmission', 'owner'], 'null_counts': {'car_name': 0, 'year': 0, 'selling_price': 0, 'present_price': 0, 'kms_driven': 0, 'fuel_type': 0, 'seller_type': 0, 'transmission': 0, 'owner': 0}, 'duplicate_rows': 0, 'dtypes': {'car_name': 'object', 'year': 'float64', 'selling_price': 'float64', 'present_price': 'float64', 'kms_driven': 'float64', 'fuel_type': 'object', 'seller_type': 'object', 'transmission': 'object', 'owner': 'float64'}, 'numeric_summary': {'year': {'count': 299.0, 'mean': 2013.6555183946489, 'std': 2.773023447871607, 'min': 2006.0, '25%': 2012.0, '50%': 2014.0, '75%': 2016.0, 'max': 2018.0}, 'selling_price': {'count': 299.0, 'mean': 4.233377926421405, 'std': 3.7271056335543, 'min': 0.1, '25%': 0.8500000000000001, '50%': 3.51, '75%': 6.0, 'max': 13.725000000000001}, 'present_price': {'count': 299.0, 'mean': 7.004448160535117, 'std': 6.092973897250185, 'min': 0.32, '25%': 1.2, '50%': 6.1, '75%': 9.84, 'max': 22.8}, 'kms_driven': {'count': 299.0, 'mean': 34387.09698996656, 'std': 23819.913772791995, 'min': 500.0, '25%': 15000.0, '50%': 32000.0, '75%': 48883.5, 'max': 99708.75}, 'owner': {'count': 299.0, 'mean': 0.0, 'std': 0.0, 'min': 0.0, '25%': 0.0, '50%': 0.0, '75%': 0.0, 'max': 0.0}}, 'categorical_summary': {'car_name': {'count': 299, 'unique': 98, 'top': 'city', 'freq': 26}, 'fuel_type': {'count': 299, 'unique': 3, 'top': 'Petrol', 'freq': 239}, 'seller_type': {'count': 299, 'unique': 2, 'top': 'Dealer', 'freq': 193}, 'transmission': {'count': 299, 'unique': 2, 'top': 'Manual', 'freq': 260}}, 'datetime_summary': {}}
2026-04-19 16:12:55,676 - INFO - [Routing Decision] Cleaned status = yes
2026-04-19 16:12:55,676 - INFO - Starting query analysis
2026-04-19 16:12:59,131 - INFO - Identified ML problem type: regression
2026-04-19 16:12:59,131 - INFO - Routing decision: regression
2026-04-19 16:12:59,133 - INFO - Determining target column
2026-04-19 16:13:03,127 - INFO - Chosen target column: selling_price
2026-04-19 16:13:03,135 - INFO - Detected column types: {'numeric': ['year', 'present_price', 'kms_driven', 'owner'], 'categorical': ['fuel_type', 'seller_type', 'transmission'], 'text': ['car_name'], 'datetime': [], 'boolean': []}
2026-04-19 16:13:03,217 - INFO - Extracted features columns: ['car_name_tfidf_0', 'car_name_tfidf_1', 'car_name_tfidf_2', 'car_name_tfidf_3', 'car_name_tfidf_4', 'car_name_tfidf_5', 'car_name_tfidf_6', 'car_name_tfidf_7', 'car_name_tfidf_8', 'car_name_tfidf_9', 'car_name_tfidf_10', 'car_name_tfidf_11', 'car_name_tfidf_12', 'car_name_tfidf_13', 'car_name_tfidf_14', 'car_name_tfidf_15', 'car_name_tfidf_16', 'car_name_tfidf_17', 'car_name_tfidf_18', 'car_name_tfidf_19', 'car_name_tfidf_20', 'car_name_tfidf_21', 'car_name_tfidf_22', 'car_name_tfidf_23', 'car_name_tfidf_24', 'car_name_tfidf_25', 'car_name_tfidf_26', 'car_name_tfidf_27', 'car_name_tfidf_28', 'car_name_tfidf_29', 'car_name_tfidf_30', 'car_name_tfidf_31', 'car_name_tfidf_32', 'car_name_tfidf_33', 'car_name_tfidf_34', 'car_name_tfidf_35', 'car_name_tfidf_36', 'car_name_tfidf_37', 'car_name_tfidf_38', 'car_name_tfidf_39', 'year', 'present_price', 'kms_driven', 'fuel_type_CNG', 'fuel_type_Diesel', 'fuel_type_Petrol', 'seller_type_Dealer', 'seller_type_Individual', 'transmission_Automatic', 'transmission_Manual', 'owner']
2026-04-19 16:13:04,072 - INFO - Final features after LLM enhancement: ['car_name_tfidf_37', 'transmission_Manual', 'car_name_tfidf_9', 'kms_driven', 'car_name_tfidf_24', 'seller_type_Individual', 'car_name_tfidf_39', 'car_name_tfidf_3', 'fuel_type_CNG', 'car_name_tfidf_27', 'car_name_tfidf_15', 'car_name_tfidf_18', 'car_name_tfidf_8', 'car_name_tfidf_2', 'car_name_tfidf_1', 'car_name_tfidf_17', 'car_name_tfidf_16', 'fuel_type_Diesel', 'transmission_Automatic', 'car_name_tfidf_11', 'car_name_tfidf_25', 'car_name_tfidf_35', 'car_name_tfidf_29', 'car_name_tfidf_31', 'fuel_type_Petrol', 'car_name_tfidf_32', 'car_name_tfidf_33', 'car_name_tfidf_6', 'car_name_tfidf_30', 'car_name_tfidf_34', 'car_name_tfidf_36', 'car_name_tfidf_5', 'car_name_tfidf_22', 'car_name_tfidf_13', 'car_name_tfidf_0', 'year', 'present_price', 'seller_type_Dealer', 'car_name_tfidf_12', 'car_name_tfidf_19', 'car_name_tfidf_4', 'car_name_tfidf_23', 'car_name_tfidf_10', 'car_name_tfidf_26', 'car_name_tfidf_28', 'car_name_tfidf_38', 'car_name_tfidf_14', 'car_name_tfidf_21']
2026-04-19 16:13:17,719 - INFO - Generated ML config
2026-04-19 16:13:17,719 - INFO - Starting model fitting
2026-04-19 16:13:21,344 - DEBUG - Model training completed successfullyRandomForestRegressor(random_state=42)
2026-04-19 16:13:21,344 - INFO - Computing model metrics
2026-04-19 16:13:21,344 - DEBUG - Task type: regression
2026-04-19 16:13:21,344 - DEBUG - Evaluation data shape: (299, 48), (299,)
2026-04-19 16:13:21,353 - INFO - Metrics computed successfully: {'MAE': 0.16889581939799378, 'MSE': 0.09602591440635466, 'RMSE': np.float64(0.3098804840682205), 'R2': 0.9930641455266985}
2026-04-19 16:13:21,358 - INFO - Generating prediction from user query
2026-04-19 16:13:21,361 - INFO - Extracted features columns: []
2026-04-19 16:13:21,361 - INFO - Aligned input shape: (1, 48)
2026-04-19 16:13:21,361 - INFO - Raw prediction: [0.5241]
2026-04-19 16:13:21,361 - INFO - Final prediction result: {'question': 'What is the estimated Selling_Price for a 2016 car with a Present_Price of 8.5 and 30,000 Kms_Driven and Fuel_Type is Petrol?', 'inputs': {'message': 'What is the estimated Selling_Price for a 2016 car with a Present_Price of 8.5 and 30,000 Kms_Driven and Fuel_Type is Petrol?'}, 'prediction': 0.5241000000000003}
2026-04-19 16:13:23,912 - INFO - Generated explanation for prediction
2026-04-19 16:15:43,472 - INFO - Starting dynamic data cleaning process
2026-04-19 16:15:43,555 - INFO - Dynamic data cleaning process completed successfully
2026-04-19 16:15:43,560 - INFO - Generating validation report...
2026-04-19 16:15:43,611 - DEBUG - {'shape': (299, 9), 'columns': ['car_name', 'year', 'selling_price', 'present_price', 'kms_driven', 'fuel_type', 'seller_type', 'transmission', 'owner'], 'null_counts': {'car_name': 0, 'year': 0, 'selling_price': 0, 'present_price': 0, 'kms_driven': 0, 'fuel_type': 0, 'seller_type': 0, 'transmission': 0, 'owner': 0}, 'duplicate_rows': 0, 'dtypes': {'car_name': 'object', 'year': 'float64', 'selling_price': 'float64', 'present_price': 'float64', 'kms_driven': 'float64', 'fuel_type': 'object', 'seller_type': 'object', 'transmission': 'object', 'owner': 'float64'}, 'numeric_summary': {'year': {'count': 299.0, 'mean': 2013.6555183946489, 'std': 2.773023447871607, 'min': 2006.0, '25%': 2012.0, '50%': 2014.0, '75%': 2016.0, 'max': 2018.0}, 'selling_price': {'count': 299.0, 'mean': 4.233377926421405, 'std': 3.7271056335543, 'min': 0.1, '25%': 0.8500000000000001, '50%': 3.51, '75%': 6.0, 'max': 13.725000000000001}, 'present_price': {'count': 299.0, 'mean': 7.004448160535117, 'std': 6.092973897250185, 'min': 0.32, '25%': 1.2, '50%': 6.1, '75%': 9.84, 'max': 22.8}, 'kms_driven': {'count': 299.0, 'mean': 34387.09698996656, 'std': 23819.913772791995, 'min': 500.0, '25%': 15000.0, '50%': 32000.0, '75%': 48883.5, 'max': 99708.75}, 'owner': {'count': 299.0, 'mean': 0.0, 'std': 0.0, 'min': 0.0, '25%': 0.0, '50%': 0.0, '75%': 0.0, 'max': 0.0}}, 'categorical_summary': {'car_name': {'count': 299, 'unique': 98, 'top': 'city', 'freq': 26}, 'fuel_type': {'count': 299, 'unique': 3, 'top': 'Petrol', 'freq': 239}, 'seller_type': {'count': 299, 'unique': 2, 'top': 'Dealer', 'freq': 193}, 'transmission': {'count': 299, 'unique': 2, 'top': 'Manual', 'freq': 260}}, 'datetime_summary': {}}
2026-04-19 16:15:55,171 - INFO - [Routing Decision] Cleaned status = yes
2026-04-19 16:15:55,171 - INFO - Starting query analysis
2026-04-19 16:16:09,917 - INFO - Identified ML problem type: clustering
2026-04-19 16:16:09,917 - INFO - Routing decision: clustering
2026-04-19 16:16:11,869 - INFO - Selected features: ['selling_price', 'year']
2026-04-19 16:16:11,881 - INFO - K=2, silhouette score=0.3722
2026-04-19 16:16:11,899 - INFO - K=3, silhouette score=0.4151
2026-04-19 16:16:11,973 - INFO - K=4, silhouette score=0.4316
2026-04-19 16:16:11,994 - INFO - K=5, silhouette score=0.4315
2026-04-19 16:16:12,006 - INFO - K=6, silhouette score=0.4329
2026-04-19 16:16:12,014 - INFO - K=7, silhouette score=0.4172
2026-04-19 16:16:12,042 - INFO - K=8, silhouette score=0.4215
2026-04-19 16:16:12,046 - INFO - K=9, silhouette score=0.4217
2026-04-19 16:16:12,054 - INFO - K=10, silhouette score=0.4283
2026-04-19 16:16:12,069 - INFO - Final clustering done with k=6, labels attached to df
2026-04-19 16:16:17,460 - INFO - LLM generated visualization code successfully.
2026-04-19 16:16:20,880 - INFO - Profile Interpretation Generated
2026-04-19 16:26:21,338 - INFO - Starting dynamic data cleaning process
2026-04-19 16:26:33,320 - INFO - Starting dynamic data cleaning process
2026-04-19 16:26:33,651 - INFO - Dynamic data cleaning process completed successfully
2026-04-19 16:26:33,655 - INFO - Generating validation report...
2026-04-19 16:26:33,726 - DEBUG - {'shape': (299, 9), 'columns': ['car_name', 'year', 'selling_price', 'present_price', 'kms_driven', 'fuel_type', 'seller_type', 'transmission', 'owner'], 'null_counts': {'car_name': 0, 'year': 0, 'selling_price': 0, 'present_price': 0, 'kms_driven': 0, 'fuel_type': 0, 'seller_type': 0, 'transmission': 0, 'owner': 0}, 'duplicate_rows': 0, 'dtypes': {'car_name': 'object', 'year': 'float64', 'selling_price': 'float64', 'present_price': 'float64', 'kms_driven': 'float64', 'fuel_type': 'object', 'seller_type': 'object', 'transmission': 'object', 'owner': 'float64'}, 'numeric_summary': {'year': {'count': 299.0, 'mean': 2013.6555183946489, 'std': 2.773023447871607, 'min': 2006.0, '25%': 2012.0, '50%': 2014.0, '75%': 2016.0, 'max': 2018.0}, 'selling_price': {'count': 299.0, 'mean': 4.233377926421405, 'std': 3.7271056335543, 'min': 0.1, '25%': 0.8500000000000001, '50%': 3.51, '75%': 6.0, 'max': 13.725000000000001}, 'present_price': {'count': 299.0, 'mean': 7.004448160535117, 'std': 6.092973897250185, 'min': 0.32, '25%': 1.2, '50%': 6.1, '75%': 9.84, 'max': 22.8}, 'kms_driven': {'count': 299.0, 'mean': 34387.09698996656, 'std': 23819.913772791995, 'min': 500.0, '25%': 15000.0, '50%': 32000.0, '75%': 48883.5, 'max': 99708.75}, 'owner': {'count': 299.0, 'mean': 0.0, 'std': 0.0, 'min': 0.0, '25%': 0.0, '50%': 0.0, '75%': 0.0, 'max': 0.0}}, 'categorical_summary': {'car_name': {'count': 299, 'unique': 98, 'top': 'city', 'freq': 26}, 'fuel_type': {'count': 299, 'unique': 3, 'top': 'Petrol', 'freq': 239}, 'seller_type': {'count': 299, 'unique': 2, 'top': 'Dealer', 'freq': 193}, 'transmission': {'count': 299, 'unique': 2, 'top': 'Manual', 'freq': 260}}, 'datetime_summary': {}}
2026-04-19 16:26:55,490 - INFO - [Routing Decision] Cleaned status = yes
2026-04-19 16:26:55,492 - INFO - Starting query analysis
2026-04-19 16:26:56,715 - INFO - Identified ML problem type: clustering
2026-04-19 16:26:56,717 - INFO - Routing decision: clustering
2026-04-19 16:26:58,065 - INFO - Selected features: ['selling_price', 'year']
2026-04-19 16:26:59,989 - INFO - K=2, silhouette score=0.3722
2026-04-19 16:27:00,003 - INFO - K=3, silhouette score=0.4151
2026-04-19 16:27:00,123 - INFO - K=4, silhouette score=0.4316
2026-04-19 16:27:00,142 - INFO - K=5, silhouette score=0.4315
2026-04-19 16:27:00,156 - INFO - K=6, silhouette score=0.4329
2026-04-19 16:27:00,172 - INFO - K=7, silhouette score=0.4172
2026-04-19 16:27:00,182 - INFO - K=8, silhouette score=0.4215
2026-04-19 16:27:00,192 - INFO - K=9, silhouette score=0.4217
2026-04-19 16:27:00,201 - INFO - K=10, silhouette score=0.4283
2026-04-19 16:27:00,211 - INFO - Final clustering done with k=6, labels attached to df
2026-04-19 16:27:02,143 - INFO - LLM generated visualization code successfully.
2026-04-19 16:27:06,139 - INFO - Profile Interpretation Generated
2026-04-19 16:29:45,701 - INFO - Starting dynamic data cleaning process
2026-04-19 16:30:19,736 - INFO - Starting dynamic data cleaning process
2026-04-19 16:31:47,316 - INFO - Starting dynamic data cleaning process
2026-04-19 16:31:47,385 - INFO - Dynamic data cleaning process completed successfully
2026-04-19 16:31:47,387 - INFO - Generating validation report...
2026-04-19 16:31:47,422 - DEBUG - {'shape': (299, 9), 'columns': ['car_name', 'year', 'selling_price', 'present_price', 'kms_driven', 'fuel_type', 'seller_type', 'transmission', 'owner'], 'null_counts': {'car_name': 0, 'year': 0, 'selling_price': 0, 'present_price': 0, 'kms_driven': 0, 'fuel_type': 0, 'seller_type': 0, 'transmission': 0, 'owner': 0}, 'duplicate_rows': 0, 'dtypes': {'car_name': 'object', 'year': 'float64', 'selling_price': 'float64', 'present_price': 'float64', 'kms_driven': 'float64', 'fuel_type': 'object', 'seller_type': 'object', 'transmission': 'object', 'owner': 'float64'}, 'numeric_summary': {'year': {'count': 299.0, 'mean': 2013.6555183946489, 'std': 2.773023447871607, 'min': 2006.0, '25%': 2012.0, '50%': 2014.0, '75%': 2016.0, 'max': 2018.0}, 'selling_price': {'count': 299.0, 'mean': 4.233377926421405, 'std': 3.7271056335543, 'min': 0.1, '25%': 0.8500000000000001, '50%': 3.51, '75%': 6.0, 'max': 13.725000000000001}, 'present_price': {'count': 299.0, 'mean': 7.004448160535117, 'std': 6.092973897250185, 'min': 0.32, '25%': 1.2, '50%': 6.1, '75%': 9.84, 'max': 22.8}, 'kms_driven': {'count': 299.0, 'mean': 34387.09698996656, 'std': 23819.913772791995, 'min': 500.0, '25%': 15000.0, '50%': 32000.0, '75%': 48883.5, 'max': 99708.75}, 'owner': {'count': 299.0, 'mean': 0.0, 'std': 0.0, 'min': 0.0, '25%': 0.0, '50%': 0.0, '75%': 0.0, 'max': 0.0}}, 'categorical_summary': {'car_name': {'count': 299, 'unique': 98, 'top': 'city', 'freq': 26}, 'fuel_type': {'count': 299, 'unique': 3, 'top': 'Petrol', 'freq': 239}, 'seller_type': {'count': 299, 'unique': 2, 'top': 'Dealer', 'freq': 193}, 'transmission': {'count': 299, 'unique': 2, 'top': 'Manual', 'freq': 260}}, 'datetime_summary': {}}
2026-04-19 16:32:07,296 - INFO - [Routing Decision] Cleaned status = yes
2026-04-19 16:32:07,302 - INFO - Starting query analysis
2026-04-19 16:32:13,646 - INFO - Identified ML problem type: clustering
2026-04-19 16:32:13,648 - INFO - Routing decision: clustering
2026-04-19 16:32:17,648 - INFO - Selected features: ['selling_price', 'year']
2026-04-19 16:32:17,662 - INFO - K=2, silhouette score=0.3722
2026-04-19 16:32:17,673 - INFO - K=3, silhouette score=0.4151
2026-04-19 16:32:17,701 - INFO - K=4, silhouette score=0.4316
2026-04-19 16:32:17,712 - INFO - K=5, silhouette score=0.4315
2026-04-19 16:32:17,723 - INFO - K=6, silhouette score=0.4329
2026-04-19 16:32:17,733 - INFO - K=7, silhouette score=0.4172
2026-04-19 16:32:17,745 - INFO - K=8, silhouette score=0.4215
2026-04-19 16:32:17,752 - INFO - K=9, silhouette score=0.4217
2026-04-19 16:32:17,759 - INFO - K=10, silhouette score=0.4283
2026-04-19 16:32:17,768 - INFO - Final clustering done with k=6, labels attached to df
2026-04-19 16:33:21,232 - INFO - LLM generated visualization code successfully.
2026-04-19 16:35:57,282 - INFO - Profile Interpretation Generated
2026-04-19 16:36:52,325 - INFO - Starting dynamic data cleaning process
2026-04-19 16:36:52,457 - INFO - Dynamic data cleaning process completed successfully
2026-04-19 16:36:52,465 - INFO - Generating validation report...
2026-04-19 16:36:52,506 - DEBUG - {'shape': (299, 9), 'columns': ['car_name', 'year', 'selling_price', 'present_price', 'kms_driven', 'fuel_type', 'seller_type', 'transmission', 'owner'], 'null_counts': {'car_name': 0, 'year': 0, 'selling_price': 0, 'present_price': 0, 'kms_driven': 0, 'fuel_type': 0, 'seller_type': 0, 'transmission': 0, 'owner': 0}, 'duplicate_rows': 0, 'dtypes': {'car_name': 'object', 'year': 'float64', 'selling_price': 'float64', 'present_price': 'float64', 'kms_driven': 'float64', 'fuel_type': 'object', 'seller_type': 'object', 'transmission': 'object', 'owner': 'float64'}, 'numeric_summary': {'year': {'count': 299.0, 'mean': 2013.6555183946489, 'std': 2.773023447871607, 'min': 2006.0, '25%': 2012.0, '50%': 2014.0, '75%': 2016.0, 'max': 2018.0}, 'selling_price': {'count': 299.0, 'mean': 4.233377926421405, 'std': 3.7271056335543, 'min': 0.1, '25%': 0.8500000000000001, '50%': 3.51, '75%': 6.0, 'max': 13.725000000000001}, 'present_price': {'count': 299.0, 'mean': 7.004448160535117, 'std': 6.092973897250185, 'min': 0.32, '25%': 1.2, '50%': 6.1, '75%': 9.84, 'max': 22.8}, 'kms_driven': {'count': 299.0, 'mean': 34387.09698996656, 'std': 23819.913772791995, 'min': 500.0, '25%': 15000.0, '50%': 32000.0, '75%': 48883.5, 'max': 99708.75}, 'owner': {'count': 299.0, 'mean': 0.0, 'std': 0.0, 'min': 0.0, '25%': 0.0, '50%': 0.0, '75%': 0.0, 'max': 0.0}}, 'categorical_summary': {'car_name': {'count': 299, 'unique': 98, 'top': 'city', 'freq': 26}, 'fuel_type': {'count': 299, 'unique': 3, 'top': 'Petrol', 'freq': 239}, 'seller_type': {'count': 299, 'unique': 2, 'top': 'Dealer', 'freq': 193}, 'transmission': {'count': 299, 'unique': 2, 'top': 'Manual', 'freq': 260}}, 'datetime_summary': {}}
2026-04-19 16:37:08,144 - INFO - [Routing Decision] Cleaned status = yes
2026-04-19 16:37:08,145 - INFO - Starting query analysis
2026-04-19 16:37:10,339 - INFO - Identified ML problem type: regression
2026-04-19 16:37:10,340 - INFO - Routing decision: regression
2026-04-19 16:37:10,342 - INFO - Determining target column
2026-04-19 16:37:51,231 - INFO - Chosen target column: selling_price
2026-04-19 16:37:51,241 - INFO - Detected column types: {'numeric': ['year', 'present_price', 'kms_driven', 'owner'], 'categorical': ['fuel_type', 'seller_type', 'transmission'], 'text': ['car_name'], 'datetime': [], 'boolean': []}
2026-04-19 16:37:51,256 - INFO - Extracted features columns: ['car_name_tfidf_0', 'car_name_tfidf_1', 'car_name_tfidf_2', 'car_name_tfidf_3', 'car_name_tfidf_4', 'car_name_tfidf_5', 'car_name_tfidf_6', 'car_name_tfidf_7', 'car_name_tfidf_8', 'car_name_tfidf_9', 'car_name_tfidf_10', 'car_name_tfidf_11', 'car_name_tfidf_12', 'car_name_tfidf_13', 'car_name_tfidf_14', 'car_name_tfidf_15', 'car_name_tfidf_16', 'car_name_tfidf_17', 'car_name_tfidf_18', 'car_name_tfidf_19', 'car_name_tfidf_20', 'car_name_tfidf_21', 'car_name_tfidf_22', 'car_name_tfidf_23', 'car_name_tfidf_24', 'car_name_tfidf_25', 'car_name_tfidf_26', 'car_name_tfidf_27', 'car_name_tfidf_28', 'car_name_tfidf_29', 'car_name_tfidf_30', 'car_name_tfidf_31', 'car_name_tfidf_32', 'car_name_tfidf_33', 'car_name_tfidf_34', 'car_name_tfidf_35', 'car_name_tfidf_36', 'car_name_tfidf_37', 'car_name_tfidf_38', 'car_name_tfidf_39', 'year', 'present_price', 'kms_driven', 'fuel_type_CNG', 'fuel_type_Diesel', 'fuel_type_Petrol', 'seller_type_Dealer', 'seller_type_Individual', 'transmission_Automatic', 'transmission_Manual', 'owner']
2026-04-19 16:37:53,363 - INFO - Final features after LLM enhancement: ['car_name_tfidf_27', 'car_name_tfidf_16', 'car_name_tfidf_0', 'car_name_tfidf_24', 'car_name_tfidf_37', 'car_name_tfidf_33', 'car_name_tfidf_21', 'car_name_tfidf_5', 'transmission_Automatic', 'car_name_tfidf_13', 'car_name_tfidf_2', 'car_name_tfidf_30', 'car_name_tfidf_1', 'car_name_tfidf_14', 'car_name_tfidf_39', 'car_name_tfidf_12', 'car_name_tfidf_10', 'seller_type_Dealer', 'fuel_type_Diesel', 'fuel_type_Petrol', 'car_name_tfidf_29', 'car_name_tfidf_32', 'transmission_Manual', 'car_name_tfidf_28', 'car_name_tfidf_3', 'fuel_type_CNG', 'car_name_tfidf_9', 'car_name_tfidf_34', 'car_name_tfidf_4', 'car_name_tfidf_31', 'car_name_tfidf_6', 'car_name_tfidf_25', 'car_name_tfidf_36', 'kms_driven', 'car_name_tfidf_8', 'car_name_tfidf_15', 'car_name_tfidf_23', 'car_name_tfidf_18', 'car_name_tfidf_35', 'car_name_tfidf_38', 'present_price', 'car_name_tfidf_11', 'car_name_tfidf_26', 'car_name_tfidf_17', 'year', 'seller_type_Individual', 'car_name_tfidf_22', 'car_name_tfidf_19']
2026-04-19 16:37:55,716 - INFO - Generated ML config
2026-04-19 16:37:55,716 - INFO - Starting model fitting
2026-04-19 16:37:56,662 - DEBUG - Model training completed successfullyRandomForestRegressor()
2026-04-19 16:37:56,668 - INFO - Computing model metrics
2026-04-19 16:37:56,668 - DEBUG - Task type: regression
2026-04-19 16:37:56,668 - DEBUG - Evaluation data shape: (299, 48), (299,)
2026-04-19 16:37:56,668 - INFO - Metrics computed successfully: {'MAE': 0.17071471571906383, 'MSE': 0.09769701003344486, 'RMSE': np.float64(0.3125652092499177), 'R2': 0.9929434439832441}
2026-04-19 16:37:56,668 - INFO - Generating prediction from user query
2026-04-19 16:37:56,676 - INFO - Extracted features columns: []
2026-04-19 16:37:56,676 - INFO - Aligned input shape: (1, 48)
2026-04-19 16:37:56,686 - INFO - Raw prediction: [0.3639]
2026-04-19 16:37:56,686 - INFO - Final prediction result: {'question': 'What is the estimated Selling_Price for a 2016 car with a Present_Price of 8.5 and 30,000 Kms_Driven and Fuel_Type is Petrol?', 'inputs': {'message': 'What is the estimated Selling_Price for a 2016 car with a Present_Price of 8.5 and 30,000 Kms_Driven and Fuel_Type is Petrol?'}, 'prediction': 0.3639000000000002}
2026-04-19 16:37:58,400 - INFO - Generated explanation for prediction
2026-04-19 16:40:03,190 - INFO - Starting dynamic data cleaning process
2026-04-19 16:40:03,405 - INFO - Dynamic data cleaning process completed successfully
2026-04-19 16:40:03,408 - INFO - Generating validation report...
2026-04-19 16:40:03,460 - DEBUG - {'shape': (299, 9), 'columns': ['car_name', 'year', 'selling_price', 'present_price', 'kms_driven', 'fuel_type', 'seller_type', 'transmission', 'owner'], 'null_counts': {'car_name': 0, 'year': 0, 'selling_price': 0, 'present_price': 0, 'kms_driven': 0, 'fuel_type': 0, 'seller_type': 0, 'transmission': 0, 'owner': 0}, 'duplicate_rows': 0, 'dtypes': {'car_name': 'object', 'year': 'float64', 'selling_price': 'float64', 'present_price': 'float64', 'kms_driven': 'float64', 'fuel_type': 'object', 'seller_type': 'object', 'transmission': 'object', 'owner': 'float64'}, 'numeric_summary': {'year': {'count': 299.0, 'mean': 2013.6555183946489, 'std': 2.773023447871607, 'min': 2006.0, '25%': 2012.0, '50%': 2014.0, '75%': 2016.0, 'max': 2018.0}, 'selling_price': {'count': 299.0, 'mean': 4.233377926421405, 'std': 3.7271056335543, 'min': 0.1, '25%': 0.8500000000000001, '50%': 3.51, '75%': 6.0, 'max': 13.725000000000001}, 'present_price': {'count': 299.0, 'mean': 7.004448160535117, 'std': 6.092973897250185, 'min': 0.32, '25%': 1.2, '50%': 6.1, '75%': 9.84, 'max': 22.8}, 'kms_driven': {'count': 299.0, 'mean': 34387.09698996656, 'std': 23819.913772791995, 'min': 500.0, '25%': 15000.0, '50%': 32000.0, '75%': 48883.5, 'max': 99708.75}, 'owner': {'count': 299.0, 'mean': 0.0, 'std': 0.0, 'min': 0.0, '25%': 0.0, '50%': 0.0, '75%': 0.0, 'max': 0.0}}, 'categorical_summary': {'car_name': {'count': 299, 'unique': 98, 'top': 'city', 'freq': 26}, 'fuel_type': {'count': 299, 'unique': 3, 'top': 'Petrol', 'freq': 239}, 'seller_type': {'count': 299, 'unique': 2, 'top': 'Dealer', 'freq': 193}, 'transmission': {'count': 299, 'unique': 2, 'top': 'Manual', 'freq': 260}}, 'datetime_summary': {}}
2026-04-19 16:40:04,711 - INFO - [Routing Decision] Cleaned status = yes
2026-04-19 16:40:04,726 - INFO - Starting query analysis
2026-04-19 16:40:07,561 - INFO - Identified ML problem type: clustering
2026-04-19 16:40:07,562 - INFO - Routing decision: clustering
2026-04-19 16:40:08,641 - INFO - Selected features: ['selling_price', 'year']
2026-04-19 16:40:11,602 - INFO - K=2, silhouette score=0.3722
2026-04-19 16:40:11,653 - INFO - K=3, silhouette score=0.4151
2026-04-19 16:40:11,702 - INFO - K=4, silhouette score=0.4316
2026-04-19 16:40:11,742 - INFO - K=5, silhouette score=0.4315
2026-04-19 16:40:11,771 - INFO - K=6, silhouette score=0.4329
2026-04-19 16:40:11,811 - INFO - K=7, silhouette score=0.4172
2026-04-19 16:40:11,845 - INFO - K=8, silhouette score=0.4215
2026-04-19 16:40:11,888 - INFO - K=9, silhouette score=0.4217
2026-04-19 16:40:11,920 - INFO - K=10, silhouette score=0.4283
2026-04-19 16:40:11,958 - INFO - Final clustering done with k=6, labels attached to df
2026-04-19 16:40:13,603 - INFO - LLM generated visualization code successfully.
2026-04-19 16:40:19,640 - INFO - Profile Interpretation Generated
2026-04-19 16:42:50,869 - INFO - Starting dynamic data cleaning process
2026-04-19 16:42:50,947 - INFO - Dynamic data cleaning process completed successfully
2026-04-19 16:42:50,950 - INFO - Generating validation report...
2026-04-19 16:42:50,989 - DEBUG - {'shape': (299, 9), 'columns': ['car_name', 'year', 'selling_price', 'present_price', 'kms_driven', 'fuel_type', 'seller_type', 'transmission', 'owner'], 'null_counts': {'car_name': 0, 'year': 0, 'selling_price': 0, 'present_price': 0, 'kms_driven': 0, 'fuel_type': 0, 'seller_type': 0, 'transmission': 0, 'owner': 0}, 'duplicate_rows': 0, 'dtypes': {'car_name': 'object', 'year': 'float64', 'selling_price': 'float64', 'present_price': 'float64', 'kms_driven': 'float64', 'fuel_type': 'object', 'seller_type': 'object', 'transmission': 'object', 'owner': 'float64'}, 'numeric_summary': {'year': {'count': 299.0, 'mean': 2013.6555183946489, 'std': 2.773023447871607, 'min': 2006.0, '25%': 2012.0, '50%': 2014.0, '75%': 2016.0, 'max': 2018.0}, 'selling_price': {'count': 299.0, 'mean': 4.233377926421405, 'std': 3.7271056335543, 'min': 0.1, '25%': 0.8500000000000001, '50%': 3.51, '75%': 6.0, 'max': 13.725000000000001}, 'present_price': {'count': 299.0, 'mean': 7.004448160535117, 'std': 6.092973897250185, 'min': 0.32, '25%': 1.2, '50%': 6.1, '75%': 9.84, 'max': 22.8}, 'kms_driven': {'count': 299.0, 'mean': 34387.09698996656, 'std': 23819.913772791995, 'min': 500.0, '25%': 15000.0, '50%': 32000.0, '75%': 48883.5, 'max': 99708.75}, 'owner': {'count': 299.0, 'mean': 0.0, 'std': 0.0, 'min': 0.0, '25%': 0.0, '50%': 0.0, '75%': 0.0, 'max': 0.0}}, 'categorical_summary': {'car_name': {'count': 299, 'unique': 98, 'top': 'city', 'freq': 26}, 'fuel_type': {'count': 299, 'unique': 3, 'top': 'Petrol', 'freq': 239}, 'seller_type': {'count': 299, 'unique': 2, 'top': 'Dealer', 'freq': 193}, 'transmission': {'count': 299, 'unique': 2, 'top': 'Manual', 'freq': 260}}, 'datetime_summary': {}}
2026-04-19 16:43:06,403 - INFO - [Routing Decision] Cleaned status = yes
2026-04-19 16:43:06,405 - INFO - Starting query analysis
